amount,payment_method,failure_code,retry_count,customer_history,recovered
32043.45,VISA,INVALID_CARD,1,POSITIVE,1
5304.26,WALLET,INSUFFICIENT_FUNDS,4,NEUTRAL,1
4866.02,MASTERCARD,DO_NOT_HONOR,4,POSITIVE,0
35125.98,UPI,EXPIRED_CARD,3,NEGATIVE,0
43491.16,MASTERCARD,TIMEOUT,2,NEUTRAL,1
47869.21,AMEX,INSUFFICIENT_FUNDS,0,NEUTRAL,1
42405.22,WALLET,INVALID_CARD,0,NEGATIVE,0
6416.34,UPI,INSUFFICIENT_FUNDS,4,NEUTRAL,0
31002.28,AMEX,EXPIRED_CARD,0,POSITIVE,0
38698.8,VISA,EXPIRED_CARD,0,NEUTRAL,1
31857.09,AMEX,FUNDS_UNAVAILABLE,2,NEUTRAL,1
13495.5,VISA,FUNDS_UNAVAILABLE,4,NEGATIVE,0
23220.56,AMEX,EXPIRED_CARD,2,POSITIVE,1
1798.59,AMEX,TIMEOUT,2,POSITIVE,1
47156.9,AMEX,EXPIRED_CARD,3,NEUTRAL,0
32214.02,MASTERCARD,INVALID_CARD,1,POSITIVE,0
27041.07,WALLET,TIMEOUT,4,NEUTRAL,0
49866.82,MASTERCARD,FRAUD_REVIEW,0,POSITIVE,0
7811.5,MASTERCARD,TIMEOUT,4,POSITIVE,1
29875.24,UPI,INVALID_CARD,4,POSITIVE,0
5904.68,WALLET,INVALID_CARD,2,POSITIVE,1
8076.26,VISA,INVALID_CARD,4,POSITIVE,0
5499.26,AMEX,EXPIRED_CARD,1,NEUTRAL,0
27061.08,WALLET,DO_NOT_HONOR,4,NEUTRAL,0
5771.01,AMEX,INVALID_CARD,1,POSITIVE,1
28454.38,VISA,INSUFFICIENT_FUNDS,3,POSITIVE,0
26728.77,MASTERCARD,FUNDS_UNAVAILABLE,3,NEGATIVE,0
26478.15,WALLET,TIMEOUT,1,NEGATIVE,0
34555.41,AMEX,TIMEOUT,2,NEUTRAL,0
22684.01,MASTERCARD,EXPIRED_CARD,0,NEUTRAL,1
27785.29,WALLET,EXPIRED_CARD,0,POSITIVE,0
3131.91,VISA,DO_NOT_HONOR,2,POSITIVE,1
14068.17,UPI,EXPIRED_CARD,4,POSITIVE,0
44142.68,WALLET,FRAUD_REVIEW,1,NEUTRAL,0
9682.41,VISA,TIMEOUT,2,NEUTRAL,1
43219.07,VISA,INSUFFICIENT_FUNDS,0,NEUTRAL,0
40069.51,VISA,EXPIRED_CARD,1,POSITIVE,0
7181.08,MASTERCARD,INVALID_CARD,3,POSITIVE,0
3954.17,WALLET,INSUFFICIENT_FUNDS,0,NEGATIVE,0
41834.17,VISA,EXPIRED_CARD,1,NEUTRAL,0
10844.62,UPI,DO_NOT_HONOR,1,NEUTRAL,1
19643.0,UPI,INVALID_CARD,3,NEGATIVE,0
49772.05,WALLET,FRAUD_REVIEW,1,POSITIVE,1
48441.73,WALLET,DO_NOT_HONOR,2,POSITIVE,1
23944.07,WALLET,FUNDS_UNAVAILABLE,0,NEGATIVE,1
9454.08,WALLET,INSUFFICIENT_FUNDS,1,NEUTRAL,1
44536.31,MASTERCARD,DO_NOT_HONOR,4,POSITIVE,1
29266.88,WALLET,NETWORK_ERROR,2,POSITIVE,1
15846.36,AMEX,TIMEOUT,1,NEGATIVE,0
22969.78,VISA,DO_NOT_HONOR,3,NEGATIVE,0
49805.6,VISA,EXPIRED_CARD,4,NEUTRAL,0
17580.64,VISA,EXPIRED_CARD,2,NEUTRAL,1
41720.5,AMEX,DO_NOT_HONOR,4,NEUTRAL,0
5358.61,MASTERCARD,INVALID_CARD,0,POSITIVE,0
7941.31,AMEX,EXPIRED_CARD,2,POSITIVE,0
42675.06,WALLET,FRAUD_REVIEW,2,POSITIVE,1
21294.07,AMEX,DO_NOT_HONOR,0,NEUTRAL,0
31928.25,AMEX,FUNDS_UNAVAILABLE,3,NEGATIVE,0
28133.16,VISA,INSUFFICIENT_FUNDS,1,NEGATIVE,1
18586.96,WALLET,FUNDS_UNAVAILABLE,3,POSITIVE,1
18359.65,VISA,NETWORK_ERROR,1,NEGATIVE,1
5319.12,WALLET,TIMEOUT,4,NEGATIVE,0
46508.07,MASTERCARD,FUNDS_UNAVAILABLE,3,POSITIVE,1
46239.47,UPI,EXPIRED_CARD,2,POSITIVE,0
5583.16,VISA,FRAUD_REVIEW,1,POSITIVE,0
23123.1,AMEX,EXPIRED_CARD,1,POSITIVE,0
20043.61,AMEX,INSUFFICIENT_FUNDS,2,NEUTRAL,0
20103.98,WALLET,NETWORK_ERROR,0,POSITIVE,0
13208.52,WALLET,INVALID_CARD,0,POSITIVE,0
17415.22,AMEX,TIMEOUT,4,NEGATIVE,0
44995.34,MASTERCARD,INVALID_CARD,0,NEGATIVE,0
26092.03,WALLET,EXPIRED_CARD,2,NEUTRAL,1
33279.04,AMEX,NETWORK_ERROR,0,NEGATIVE,0
25454.7,UPI,NETWORK_ERROR,3,NEGATIVE,0
6538.93,UPI,TIMEOUT,1,NEGATIVE,0
20422.54,VISA,INVALID_CARD,2,POSITIVE,0
29083.24,AMEX,FRAUD_REVIEW,3,NEUTRAL,0
25656.47,MASTERCARD,INSUFFICIENT_FUNDS,2,NEGATIVE,0
31039.19,VISA,EXPIRED_CARD,2,POSITIVE,0
7538.23,VISA,EXPIRED_CARD,3,NEGATIVE,0
3826.85,UPI,EXPIRED_CARD,3,NEUTRAL,0
7549.05,VISA,INSUFFICIENT_FUNDS,3,POSITIVE,1
47906.71,WALLET,FRAUD_REVIEW,0,NEGATIVE,0
42447.15,UPI,FUNDS_UNAVAILABLE,3,NEGATIVE,0
28034.48,AMEX,FRAUD_REVIEW,4,NEGATIVE,0
21451.69,WALLET,FRAUD_REVIEW,1,NEGATIVE,0
22613.47,MASTERCARD,INVALID_CARD,4,NEUTRAL,0
13874.95,VISA,INVALID_CARD,1,NEUTRAL,0
44672.74,VISA,FUNDS_UNAVAILABLE,1,POSITIVE,1
7809.7,MASTERCARD,INSUFFICIENT_FUNDS,3,NEUTRAL,0
23403.03,VISA,EXPIRED_CARD,3,NEUTRAL,0
29287.15,VISA,TIMEOUT,3,POSITIVE,0
15070.91,UPI,TIMEOUT,4,NEGATIVE,0
40033.43,MASTERCARD,FRAUD_REVIEW,1,NEUTRAL,0
1645.44,AMEX,TIMEOUT,1,NEUTRAL,0
49039.95,WALLET,DO_NOT_HONOR,3,NEGATIVE,0
1549.68,UPI,FUNDS_UNAVAILABLE,3,POSITIVE,1
19079.37,MASTERCARD,FRAUD_REVIEW,2,NEUTRAL,0
19080.49,UPI,INVALID_CARD,0,NEUTRAL,1
27063.07,AMEX,EXPIRED_CARD,0,NEGATIVE,1
1745.29,MASTERCARD,EXPIRED_CARD,0,NEGATIVE,1
6485.8,VISA,EXPIRED_CARD,3,NEGATIVE,0
18570.98,WALLET,INSUFFICIENT_FUNDS,1,NEUTRAL,1
1478.79,AMEX,TIMEOUT,3,NEGATIVE,0
29686.47,MASTERCARD,INSUFFICIENT_FUNDS,2,NEGATIVE,0
6228.54,WALLET,DO_NOT_HONOR,2,NEGATIVE,0
18654.43,WALLET,NETWORK_ERROR,0,NEUTRAL,0
5455.84,AMEX,FRAUD_REVIEW,1,NEUTRAL,0
26182.99,AMEX,FRAUD_REVIEW,3,NEUTRAL,0
29705.24,AMEX,EXPIRED_CARD,0,NEUTRAL,0
12344.4,UPI,TIMEOUT,2,POSITIVE,1
16385.71,UPI,EXPIRED_CARD,2,NEUTRAL,0
44039.93,AMEX,DO_NOT_HONOR,4,POSITIVE,1
36059.72,UPI,EXPIRED_CARD,3,NEGATIVE,0
22519.09,VISA,INSUFFICIENT_FUNDS,2,POSITIVE,1
12316.6,WALLET,NETWORK_ERROR,3,NEGATIVE,0
21390.09,WALLET,NETWORK_ERROR,2,NEGATIVE,0
15469.82,MASTERCARD,INSUFFICIENT_FUNDS,1,NEUTRAL,1
26886.03,MASTERCARD,EXPIRED_CARD,1,NEGATIVE,0
36284.33,WALLET,INVALID_CARD,0,POSITIVE,1
18171.88,AMEX,DO_NOT_HONOR,4,POSITIVE,1
48719.89,WALLET,INVALID_CARD,1,NEGATIVE,0
24645.76,VISA,INVALID_CARD,3,NEUTRAL,0
9381.31,VISA,INVALID_CARD,3,POSITIVE,0
20155.23,VISA,DO_NOT_HONOR,1,POSITIVE,1
47466.46,VISA,EXPIRED_CARD,0,NEGATIVE,0
30394.62,WALLET,EXPIRED_CARD,4,NEUTRAL,0
22247.51,WALLET,TIMEOUT,2,NEGATIVE,0
30559.62,VISA,EXPIRED_CARD,1,NEUTRAL,0
8021.44,MASTERCARD,INSUFFICIENT_FUNDS,1,POSITIVE,1
34530.68,UPI,INVALID_CARD,0,POSITIVE,1
14279.37,UPI,INSUFFICIENT_FUNDS,1,NEUTRAL,0
31327.89,MASTERCARD,TIMEOUT,0,NEGATIVE,1
7619.67,AMEX,FUNDS_UNAVAILABLE,0,POSITIVE,1
15519.07,WALLET,INVALID_CARD,3,POSITIVE,0
15343.74,UPI,INVALID_CARD,4,NEGATIVE,0
4206.0,VISA,TIMEOUT,2,NEGATIVE,1
4748.08,WALLET,DO_NOT_HONOR,2,NEGATIVE,1
37862.19,UPI,FRAUD_REVIEW,2,POSITIVE,0
21907.07,UPI,INSUFFICIENT_FUNDS,3,NEUTRAL,0
16188.7,VISA,FUNDS_UNAVAILABLE,2,NEUTRAL,0
14553.25,UPI,DO_NOT_HONOR,3,POSITIVE,1
16299.03,UPI,DO_NOT_HONOR,4,NEUTRAL,0
9541.61,AMEX,FRAUD_REVIEW,3,POSITIVE,0
27551.14,AMEX,FRAUD_REVIEW,3,POSITIVE,1
31575.11,MASTERCARD,FUNDS_UNAVAILABLE,2,NEGATIVE,1
20517.94,MASTERCARD,INSUFFICIENT_FUNDS,3,POSITIVE,0
7867.76,AMEX,INVALID_CARD,3,NEUTRAL,0
12337.8,WALLET,FUNDS_UNAVAILABLE,3,POSITIVE,0
25510.4,MASTERCARD,INSUFFICIENT_FUNDS,2,NEUTRAL,1
39428.33,AMEX,DO_NOT_HONOR,2,NEGATIVE,1
29429.5,UPI,FUNDS_UNAVAILABLE,3,NEGATIVE,0
16755.51,WALLET,TIMEOUT,3,NEUTRAL,0
49042.58,MASTERCARD,TIMEOUT,1,NEUTRAL,1
37286.32,UPI,TIMEOUT,1,NEUTRAL,0
6487.06,WALLET,NETWORK_ERROR,0,NEUTRAL,1
45540.0,VISA,FUNDS_UNAVAILABLE,3,NEGATIVE,0
3926.45,AMEX,NETWORK_ERROR,4,NEGATIVE,0
4199.7,AMEX,TIMEOUT,2,NEGATIVE,0
38018.21,WALLET,DO_NOT_HONOR,4,POSITIVE,1
34283.1,AMEX,EXPIRED_CARD,0,NEUTRAL,0
38066.41,VISA,FRAUD_REVIEW,1,NEGATIVE,0
1641.57,AMEX,DO_NOT_HONOR,2,NEUTRAL,1
7449.38,WALLET,TIMEOUT,4,NEGATIVE,0
8665.19,VISA,TIMEOUT,4,NEGATIVE,0
45658.88,MASTERCARD,EXPIRED_CARD,3,NEGATIVE,0
12915.27,VISA,FRAUD_REVIEW,2,NEGATIVE,0
3878.32,AMEX,INVALID_CARD,3,NEGATIVE,0
42296.14,MASTERCARD,TIMEOUT,3,POSITIVE,1
28681.75,WALLET,INVALID_CARD,2,POSITIVE,0
32979.84,AMEX,DO_NOT_HONOR,4,NEGATIVE,0
48685.42,WALLET,FRAUD_REVIEW,2,POSITIVE,0
17745.58,MASTERCARD,INVALID_CARD,1,NEGATIVE,1
31447.41,VISA,INVALID_CARD,3,POSITIVE,0
36671.52,VISA,INVALID_CARD,2,NEGATIVE,0
10199.58,WALLET,NETWORK_ERROR,4,NEGATIVE,0
41557.54,AMEX,FRAUD_REVIEW,2,NEGATIVE,0
40250.78,UPI,INSUFFICIENT_FUNDS,1,POSITIVE,0
36265.99,UPI,NETWORK_ERROR,0,NEUTRAL,1
26921.3,UPI,NETWORK_ERROR,2,NEGATIVE,0
31999.75,AMEX,INSUFFICIENT_FUNDS,1,NEUTRAL,1
44234.9,WALLET,NETWORK_ERROR,4,POSITIVE,0
31843.12,UPI,INVALID_CARD,3,POSITIVE,1
47323.82,AMEX,FRAUD_REVIEW,0,POSITIVE,1
26969.82,UPI,FRAUD_REVIEW,2,NEGATIVE,0
34884.9,WALLET,TIMEOUT,4,NEGATIVE,0
44293.61,VISA,FRAUD_REVIEW,4,NEUTRAL,0
14131.06,AMEX,EXPIRED_CARD,3,NEUTRAL,0
42801.42,VISA,NETWORK_ERROR,4,NEGATIVE,0
20027.35,MASTERCARD,INSUFFICIENT_FUNDS,3,POSITIVE,0
32156.88,WALLET,DO_NOT_HONOR,0,NEUTRAL,1
6471.01,WALLET,EXPIRED_CARD,0,NEGATIVE,0
10954.38,MASTERCARD,NETWORK_ERROR,1,NEGATIVE,1
42948.63,MASTERCARD,FUNDS_UNAVAILABLE,4,NEUTRAL,0
5674.33,VISA,FUNDS_UNAVAILABLE,0,NEUTRAL,0
12048.99,AMEX,DO_NOT_HONOR,1,NEUTRAL,1
37137.56,WALLET,INSUFFICIENT_FUNDS,0,NEUTRAL,1
18229.54,WALLET,INSUFFICIENT_FUNDS,3,NEGATIVE,0
30832.32,WALLET,INVALID_CARD,3,NEGATIVE,0
3229.11,UPI,TIMEOUT,3,NEGATIVE,0
35677.59,UPI,INSUFFICIENT_FUNDS,0,NEUTRAL,1
3470.98,AMEX,NETWORK_ERROR,3,NEGATIVE,0
22795.03,WALLET,TIMEOUT,0,NEGATIVE,1
32804.71,WALLET,EXPIRED_CARD,3,NEUTRAL,0
20807.92,UPI,TIMEOUT,3,NEGATIVE,0
21452.85,AMEX,NETWORK_ERROR,1,NEGATIVE,0
3543.24,VISA,INSUFFICIENT_FUNDS,3,POSITIVE,0
18757.81,MASTERCARD,DO_NOT_HONOR,4,NEGATIVE,0
33566.66,UPI,NETWORK_ERROR,3,NEGATIVE,1
14523.94,AMEX,NETWORK_ERROR,0,NEGATIVE,0
7905.56,UPI,EXPIRED_CARD,0,NEUTRAL,0
18504.54,AMEX,EXPIRED_CARD,3,NEGATIVE,0
40957.66,WALLET,DO_NOT_HONOR,4,NEGATIVE,0
13518.9,MASTERCARD,INVALID_CARD,2,NEUTRAL,0
9234.0,MASTERCARD,TIMEOUT,0,POSITIVE,1
48596.15,VISA,EXPIRED_CARD,3,NEUTRAL,0
8038.98,AMEX,NETWORK_ERROR,4,NEGATIVE,1
2819.92,MASTERCARD,DO_NOT_HONOR,0,NEUTRAL,1
21315.94,WALLET,FRAUD_REVIEW,3,NEUTRAL,0
25714.85,AMEX,TIMEOUT,0,NEUTRAL,0
29738.09,WALLET,INVALID_CARD,0,POSITIVE,1
30046.38,VISA,EXPIRED_CARD,2,POSITIVE,0
38255.21,AMEX,NETWORK_ERROR,0,POSITIVE,1
21646.62,MASTERCARD,TIMEOUT,4,NEGATIVE,0
28024.43,AMEX,INSUFFICIENT_FUNDS,3,NEGATIVE,1
1133.33,VISA,NETWORK_ERROR,4,NEUTRAL,0
35533.05,UPI,INVALID_CARD,0,NEUTRAL,1
16373.46,WALLET,FRAUD_REVIEW,2,POSITIVE,0
5471.98,UPI,TIMEOUT,4,POSITIVE,1
15651.67,AMEX,EXPIRED_CARD,2,POSITIVE,1
31734.59,WALLET,EXPIRED_CARD,2,NEUTRAL,0
40983.64,MASTERCARD,EXPIRED_CARD,0,POSITIVE,1
8840.25,MASTERCARD,INSUFFICIENT_FUNDS,1,NEGATIVE,0
37771.4,WALLET,FRAUD_REVIEW,4,NEGATIVE,0
31301.18,AMEX,FUNDS_UNAVAILABLE,3,POSITIVE,0
31642.98,AMEX,DO_NOT_HONOR,2,NEGATIVE,1
23194.78,VISA,DO_NOT_HONOR,2,NEUTRAL,1
43239.65,VISA,TIMEOUT,3,NEGATIVE,0
39632.53,VISA,FRAUD_REVIEW,4,NEGATIVE,0
30329.29,WALLET,FUNDS_UNAVAILABLE,0,NEUTRAL,1
44976.52,AMEX,INSUFFICIENT_FUNDS,4,NEGATIVE,0
12537.64,UPI,FRAUD_REVIEW,4,NEGATIVE,0
18322.12,AMEX,TIMEOUT,3,NEUTRAL,0
2807.8,AMEX,INSUFFICIENT_FUNDS,2,POSITIVE,1
19450.9,AMEX,FUNDS_UNAVAILABLE,2,POSITIVE,1
7243.13,AMEX,INVALID_CARD,3,POSITIVE,0
46912.51,AMEX,TIMEOUT,2,POSITIVE,1
41482.16,WALLET,INSUFFICIENT_FUNDS,3,NEGATIVE,0
18257.36,MASTERCARD,EXPIRED_CARD,2,NEUTRAL,1
49998.84,MASTERCARD,INSUFFICIENT_FUNDS,2,POSITIVE,1
27080.58,WALLET,DO_NOT_HONOR,2,NEGATIVE,1
18960.65,MASTERCARD,FUNDS_UNAVAILABLE,4,POSITIVE,0
2375.88,AMEX,EXPIRED_CARD,3,NEGATIVE,0
37477.12,UPI,EXPIRED_CARD,4,POSITIVE,0
40469.47,UPI,EXPIRED_CARD,2,NEGATIVE,0
49225.1,UPI,INVALID_CARD,3,NEGATIVE,0
48320.15,MASTERCARD,FUNDS_UNAVAILABLE,2,POSITIVE,1
43731.02,WALLET,INSUFFICIENT_FUNDS,4,POSITIVE,1
38203.22,AMEX,FRAUD_REVIEW,4,POSITIVE,0
4767.34,MASTERCARD,FRAUD_REVIEW,2,POSITIVE,0
19943.41,AMEX,EXPIRED_CARD,3,POSITIVE,0
1603.74,VISA,NETWORK_ERROR,1,POSITIVE,1
45886.33,UPI,FUNDS_UNAVAILABLE,3,NEUTRAL,0
45311.7,VISA,INVALID_CARD,1,POSITIVE,0
36416.29,WALLET,TIMEOUT,0,NEUTRAL,1
6268.05,MASTERCARD,TIMEOUT,4,NEUTRAL,1
41867.05,UPI,DO_NOT_HONOR,4,NEGATIVE,0
7350.13,UPI,DO_NOT_HONOR,4,NEUTRAL,1
20945.07,VISA,NETWORK_ERROR,0,NEGATIVE,0
39363.33,WALLET,DO_NOT_HONOR,3,NEUTRAL,1
19466.69,AMEX,INVALID_CARD,0,NEUTRAL,0
17371.16,VISA,NETWORK_ERROR,1,POSITIVE,1
17059.65,MASTERCARD,FRAUD_REVIEW,3,NEGATIVE,0
6915.66,UPI,DO_NOT_HONOR,2,POSITIVE,1
10133.6,VISA,NETWORK_ERROR,2,NEGATIVE,0
40807.22,UPI,INVALID_CARD,0,NEGATIVE,0
17977.31,VISA,NETWORK_ERROR,2,POSITIVE,0
21960.18,UPI,FRAUD_REVIEW,3,NEUTRAL,0
24910.92,UPI,NETWORK_ERROR,4,NEUTRAL,0
36408.65,VISA,TIMEOUT,4,POSITIVE,0
16196.33,VISA,NETWORK_ERROR,2,NEUTRAL,1
35939.61,MASTERCARD,FRAUD_REVIEW,2,NEUTRAL,1
43527.85,AMEX,TIMEOUT,2,NEGATIVE,0
47405.64,VISA,TIMEOUT,2,NEGATIVE,0
34034.65,VISA,FUNDS_UNAVAILABLE,4,NEGATIVE,0
1932.99,VISA,EXPIRED_CARD,2,NEUTRAL,0
28448.78,WALLET,FUNDS_UNAVAILABLE,3,NEUTRAL,0
38201.61,WALLET,FUNDS_UNAVAILABLE,4,NEUTRAL,0
32548.12,MASTERCARD,INSUFFICIENT_FUNDS,0,NEGATIVE,1
25983.71,WALLET,INSUFFICIENT_FUNDS,2,NEUTRAL,0
10885.61,WALLET,INVALID_CARD,3,POSITIVE,1
42670.75,UPI,FUNDS_UNAVAILABLE,3,POSITIVE,0
48384.55,AMEX,NETWORK_ERROR,0,NEGATIVE,0
44588.32,MASTERCARD,FUNDS_UNAVAILABLE,2,NEGATIVE,1
49259.6,MASTERCARD,EXPIRED_CARD,3,POSITIVE,0
28699.41,UPI,FUNDS_UNAVAILABLE,4,POSITIVE,1
20028.37,UPI,TIMEOUT,3,NEGATIVE,0
48624.51,VISA,FRAUD_REVIEW,3,NEGATIVE,0
6591.06,WALLET,FUNDS_UNAVAILABLE,1,NEUTRAL,1
43436.94,VISA,FUNDS_UNAVAILABLE,2,POSITIVE,1
46749.94,MASTERCARD,NETWORK_ERROR,4,NEUTRAL,0
12680.14,WALLET,INVALID_CARD,1,NEGATIVE,0
26767.21,WALLET,FUNDS_UNAVAILABLE,4,NEGATIVE,0
33004.9,WALLET,NETWORK_ERROR,4,POSITIVE,0
1613.0,VISA,INVALID_CARD,1,NEGATIVE,0
32021.76,UPI,INVALID_CARD,2,NEUTRAL,0
40406.0,UPI,INVALID_CARD,3,POSITIVE,0
8072.41,UPI,FRAUD_REVIEW,3,POSITIVE,0
7354.7,AMEX,NETWORK_ERROR,3,POSITIVE,0
25846.01,VISA,NETWORK_ERROR,1,NEUTRAL,1
22589.88,MASTERCARD,INSUFFICIENT_FUNDS,0,NEUTRAL,0
43235.36,UPI,EXPIRED_CARD,1,NEUTRAL,0
36112.2,MASTERCARD,FUNDS_UNAVAILABLE,3,NEGATIVE,0
43977.97,UPI,DO_NOT_HONOR,0,NEUTRAL,1
48340.99,MASTERCARD,NETWORK_ERROR,0,POSITIVE,1
29956.43,UPI,INVALID_CARD,4,POSITIVE,0
21660.2,AMEX,NETWORK_ERROR,3,NEUTRAL,1
2747.65,WALLET,EXPIRED_CARD,2,NEGATIVE,0
19440.17,UPI,INVALID_CARD,4,NEGATIVE,0
6607.44,VISA,TIMEOUT,2,NEUTRAL,0
18407.2,MASTERCARD,EXPIRED_CARD,4,NEGATIVE,0
2204.69,VISA,FUNDS_UNAVAILABLE,2,NEUTRAL,0
7617.25,WALLET,FUNDS_UNAVAILABLE,2,NEGATIVE,0
19769.14,WALLET,INVALID_CARD,4,NEUTRAL,0
25583.76,UPI,INVALID_CARD,3,POSITIVE,0
33755.56,UPI,INVALID_CARD,0,NEGATIVE,0
48360.12,WALLET,EXPIRED_CARD,0,NEGATIVE,0
26306.77,WALLET,TIMEOUT,1,NEGATIVE,1
28714.0,VISA,EXPIRED_CARD,0,NEUTRAL,1
7741.28,MASTERCARD,TIMEOUT,4,NEGATIVE,0
43666.32,VISA,FUNDS_UNAVAILABLE,4,POSITIVE,0
49906.52,UPI,TIMEOUT,2,POSITIVE,1
26749.73,WALLET,NETWORK_ERROR,2,NEGATIVE,0
47875.4,AMEX,INVALID_CARD,1,NEUTRAL,0
35304.07,UPI,NETWORK_ERROR,3,NEUTRAL,0
46737.37,AMEX,INVALID_CARD,0,NEGATIVE,0
19108.77,UPI,NETWORK_ERROR,1,NEUTRAL,1
47774.62,VISA,NETWORK_ERROR,3,NEGATIVE,0
24058.15,MASTERCARD,INVALID_CARD,4,NEGATIVE,0
5639.48,WALLET,EXPIRED_CARD,1,POSITIVE,0
26645.87,MASTERCARD,DO_NOT_HONOR,0,NEUTRAL,1
23725.71,MASTERCARD,DO_NOT_HONOR,4,POSITIVE,1
46764.6,UPI,FRAUD_REVIEW,1,NEUTRAL,0
32365.72,VISA,EXPIRED_CARD,4,NEGATIVE,0
46846.14,MASTERCARD,TIMEOUT,1,POSITIVE,0
19970.33,UPI,FUNDS_UNAVAILABLE,2,POSITIVE,1
28484.5,VISA,NETWORK_ERROR,2,NEUTRAL,0
27256.36,UPI,FUNDS_UNAVAILABLE,4,NEUTRAL,0
40478.93,AMEX,FUNDS_UNAVAILABLE,3,NEGATIVE,0
9472.71,AMEX,INVALID_CARD,4,NEGATIVE,0
8939.65,UPI,TIMEOUT,4,NEUTRAL,1
33528.94,MASTERCARD,FUNDS_UNAVAILABLE,3,NEUTRAL,0
540.14,UPI,EXPIRED_CARD,3,NEUTRAL,0
15236.9,WALLET,DO_NOT_HONOR,2,NEGATIVE,1
11967.87,VISA,FRAUD_REVIEW,2,POSITIVE,0
25225.52,AMEX,INSUFFICIENT_FUNDS,2,NEUTRAL,0
11112.6,MASTERCARD,FRAUD_REVIEW,1,NEUTRAL,0
30365.8,UPI,FRAUD_REVIEW,4,NEGATIVE,0
38140.61,WALLET,INSUFFICIENT_FUNDS,4,NEUTRAL,0
18216.89,WALLET,INSUFFICIENT_FUNDS,0,NEGATIVE,0
10267.41,WALLET,FUNDS_UNAVAILABLE,1,NEUTRAL,0
22203.66,MASTERCARD,FRAUD_REVIEW,0,NEGATIVE,0
2970.66,MASTERCARD,TIMEOUT,3,NEGATIVE,1
23226.44,AMEX,DO_NOT_HONOR,3,NEUTRAL,0
37341.06,WALLET,INSUFFICIENT_FUNDS,0,NEUTRAL,1
3375.24,VISA,INSUFFICIENT_FUNDS,3,POSITIVE,1
9163.07,MASTERCARD,TIMEOUT,2,NEUTRAL,1
45872.33,UPI,TIMEOUT,0,NEGATIVE,0
43752.78,MASTERCARD,NETWORK_ERROR,0,POSITIVE,0
19774.32,MASTERCARD,EXPIRED_CARD,0,POSITIVE,0
23257.59,WALLET,TIMEOUT,4,NEUTRAL,0
12526.1,AMEX,FUNDS_UNAVAILABLE,2,POSITIVE,0
36306.19,VISA,DO_NOT_HONOR,3,NEGATIVE,0
44211.08,VISA,EXPIRED_CARD,1,POSITIVE,1
1872.1,WALLET,DO_NOT_HONOR,1,NEGATIVE,1
22060.35,WALLET,EXPIRED_CARD,0,POSITIVE,1
14605.32,WALLET,NETWORK_ERROR,4,NEGATIVE,0
40955.45,MASTERCARD,INVALID_CARD,1,NEGATIVE,0
20795.3,AMEX,DO_NOT_HONOR,4,NEGATIVE,0
45596.57,UPI,FRAUD_REVIEW,0,NEUTRAL,0
33632.86,WALLET,NETWORK_ERROR,3,NEUTRAL,1
18947.72,WALLET,FRAUD_REVIEW,1,POSITIVE,1
35437.32,UPI,DO_NOT_HONOR,4,NEUTRAL,0
27952.88,MASTERCARD,TIMEOUT,1,NEUTRAL,1
32405.95,UPI,NETWORK_ERROR,0,NEGATIVE,0
9685.98,AMEX,TIMEOUT,4,NEGATIVE,1
3824.66,WALLET,EXPIRED_CARD,3,POSITIVE,0
16781.62,VISA,EXPIRED_CARD,1,NEGATIVE,1
49978.69,UPI,EXPIRED_CARD,4,NEGATIVE,0
45773.3,WALLET,NETWORK_ERROR,2,NEUTRAL,1
32506.32,AMEX,INVALID_CARD,2,NEGATIVE,0
23407.0,UPI,NETWORK_ERROR,1,NEUTRAL,1
2476.63,MASTERCARD,FUNDS_UNAVAILABLE,0,NEUTRAL,1
29284.79,UPI,INVALID_CARD,1,POSITIVE,1
19116.02,MASTERCARD,FRAUD_REVIEW,4,NEGATIVE,0
17010.7,UPI,FRAUD_REVIEW,3,POSITIVE,0
17738.37,MASTERCARD,FRAUD_REVIEW,1,NEGATIVE,0
47870.4,WALLET,DO_NOT_HONOR,0,NEGATIVE,1
517.91,MASTERCARD,EXPIRED_CARD,0,NEGATIVE,1
11092.24,UPI,NETWORK_ERROR,0,NEGATIVE,0
46708.41,UPI,FRAUD_REVIEW,0,POSITIVE,0
20684.66,VISA,INVALID_CARD,4,NEUTRAL,1
40695.23,UPI,FUNDS_UNAVAILABLE,0,POSITIVE,1
12200.25,WALLET,INVALID_CARD,2,NEUTRAL,0
4135.16,UPI,FRAUD_REVIEW,4,POSITIVE,0
11447.69,VISA,DO_NOT_HONOR,0,NEUTRAL,1
27724.53,VISA,DO_NOT_HONOR,1,POSITIVE,1
21808.7,AMEX,INSUFFICIENT_FUNDS,4,POSITIVE,1
45083.39,WALLET,FRAUD_REVIEW,2,POSITIVE,0
34284.55,AMEX,DO_NOT_HONOR,1,NEUTRAL,1
10516.47,MASTERCARD,TIMEOUT,0,NEUTRAL,1
12175.52,UPI,NETWORK_ERROR,3,NEGATIVE,0
49426.2,VISA,NETWORK_ERROR,0,POSITIVE,1
41966.0,AMEX,TIMEOUT,2,POSITIVE,1
39220.7,UPI,FRAUD_REVIEW,1,NEUTRAL,0
18896.26,MASTERCARD,TIMEOUT,0,NEGATIVE,1
12473.2,VISA,INSUFFICIENT_FUNDS,2,POSITIVE,1
39237.74,MASTERCARD,TIMEOUT,2,NEUTRAL,1
458.72,AMEX,FRAUD_REVIEW,2,NEUTRAL,0
4547.4,UPI,FRAUD_REVIEW,4,NEGATIVE,0
5343.99,VISA,NETWORK_ERROR,4,POSITIVE,0
39265.05,UPI,DO_NOT_HONOR,2,NEUTRAL,1
4418.04,WALLET,EXPIRED_CARD,4,NEGATIVE,0
19160.45,MASTERCARD,INVALID_CARD,2,NEUTRAL,0
3350.7,UPI,INVALID_CARD,3,NEUTRAL,0
4030.68,AMEX,EXPIRED_CARD,3,NEGATIVE,0
23001.51,MASTERCARD,INVALID_CARD,0,NEUTRAL,1
31085.57,AMEX,FRAUD_REVIEW,2,NEUTRAL,0
43003.52,WALLET,FUNDS_UNAVAILABLE,2,NEUTRAL,0
34825.56,UPI,NETWORK_ERROR,1,NEUTRAL,0
14714.12,UPI,EXPIRED_CARD,2,NEUTRAL,0
39336.15,AMEX,INSUFFICIENT_FUNDS,4,POSITIVE,0
27372.33,WALLET,DO_NOT_HONOR,3,NEGATIVE,0
39924.74,VISA,TIMEOUT,3,POSITIVE,0
12252.65,MASTERCARD,TIMEOUT,3,POSITIVE,1
29977.11,WALLET,TIMEOUT,4,NEGATIVE,0
43507.76,UPI,DO_NOT_HONOR,2,NEGATIVE,0
26937.92,VISA,INSUFFICIENT_FUNDS,1,NEGATIVE,0
8483.66,WALLET,DO_NOT_HONOR,4,NEGATIVE,0
20100.96,AMEX,TIMEOUT,0,POSITIVE,1
11255.65,WALLET,EXPIRED_CARD,3,NEUTRAL,0
38662.64,WALLET,FUNDS_UNAVAILABLE,2,POSITIVE,1
14912.52,VISA,INSUFFICIENT_FUNDS,1,NEUTRAL,1
22875.57,MASTERCARD,FRAUD_REVIEW,2,NEUTRAL,0
36155.3,UPI,NETWORK_ERROR,0,NEUTRAL,1
35596.79,VISA,NETWORK_ERROR,0,NEGATIVE,0
46510.14,MASTERCARD,FUNDS_UNAVAILABLE,4,POSITIVE,1
21433.2,UPI,EXPIRED_CARD,3,NEGATIVE,0
32095.85,UPI,TIMEOUT,0,NEGATIVE,0
10026.76,WALLET,TIMEOUT,3,POSITIVE,0
10448.07,VISA,INSUFFICIENT_FUNDS,4,POSITIVE,1
10014.3,VISA,INVALID_CARD,3,NEGATIVE,0
15807.52,UPI,TIMEOUT,4,POSITIVE,1
42306.79,WALLET,FUNDS_UNAVAILABLE,2,NEGATIVE,0
33671.08,AMEX,INSUFFICIENT_FUNDS,1,NEUTRAL,1
18790.64,MASTERCARD,TIMEOUT,3,NEGATIVE,0
19308.76,MASTERCARD,FRAUD_REVIEW,4,NEGATIVE,0
46548.61,MASTERCARD,FUNDS_UNAVAILABLE,3,NEUTRAL,1
15866.08,UPI,DO_NOT_HONOR,2,POSITIVE,1
9917.4,UPI,FRAUD_REVIEW,3,NEGATIVE,0
35565.09,UPI,FRAUD_REVIEW,1,POSITIVE,0
39834.87,MASTERCARD,INVALID_CARD,0,NEUTRAL,1
14575.78,UPI,FRAUD_REVIEW,4,NEGATIVE,0
5887.49,WALLET,NETWORK_ERROR,4,POSITIVE,0
22180.06,MASTERCARD,TIMEOUT,0,NEGATIVE,0
37617.01,AMEX,DO_NOT_HONOR,3,NEUTRAL,0
40873.08,UPI,INSUFFICIENT_FUNDS,1,POSITIVE,0
29478.61,AMEX,TIMEOUT,1,NEGATIVE,1
10489.66,MASTERCARD,DO_NOT_HONOR,4,NEUTRAL,0
29923.51,MASTERCARD,NETWORK_ERROR,2,NEUTRAL,0
47629.39,WALLET,INSUFFICIENT_FUNDS,1,NEUTRAL,0
49625.81,MASTERCARD,FUNDS_UNAVAILABLE,1,POSITIVE,1
41458.39,UPI,FRAUD_REVIEW,1,NEGATIVE,0
31465.08,UPI,FRAUD_REVIEW,0,NEGATIVE,0
38490.43,UPI,INVALID_CARD,2,NEUTRAL,0
16499.01,VISA,INSUFFICIENT_FUNDS,3,NEGATIVE,0
18039.49,VISA,TIMEOUT,1,NEUTRAL,0
24836.8,AMEX,INVALID_CARD,2,NEGATIVE,0
28393.88,UPI,NETWORK_ERROR,0,POSITIVE,1
39237.71,UPI,DO_NOT_HONOR,0,POSITIVE,1
233.66,UPI,EXPIRED_CARD,1,NEGATIVE,0
43746.28,AMEX,INSUFFICIENT_FUNDS,2,NEUTRAL,1
33292.54,MASTERCARD,DO_NOT_HONOR,3,NEGATIVE,0
35032.18,MASTERCARD,TIMEOUT,0,NEGATIVE,1
10828.37,VISA,FUNDS_UNAVAILABLE,4,POSITIVE,0
22364.33,VISA,NETWORK_ERROR,0,NEUTRAL,0
23989.47,MASTERCARD,TIMEOUT,0,NEGATIVE,0
5339.44,AMEX,INVALID_CARD,1,NEUTRAL,0
37707.26,MASTERCARD,FUNDS_UNAVAILABLE,0,NEGATIVE,0
30593.9,MASTERCARD,FRAUD_REVIEW,2,NEGATIVE,0
37463.79,UPI,FRAUD_REVIEW,1,POSITIVE,0
7172.65,VISA,TIMEOUT,2,NEUTRAL,1
7163.54,AMEX,INSUFFICIENT_FUNDS,1,NEGATIVE,0
36114.75,AMEX,DO_NOT_HONOR,2,POSITIVE,1
25574.22,UPI,INVALID_CARD,0,POSITIVE,1
5814.63,UPI,INSUFFICIENT_FUNDS,4,POSITIVE,0
46709.44,MASTERCARD,TIMEOUT,4,NEUTRAL,0
34210.51,UPI,INSUFFICIENT_FUNDS,0,NEGATIVE,1
13256.83,VISA,DO_NOT_HONOR,3,NEGATIVE,0
35688.93,UPI,TIMEOUT,3,POSITIVE,0
26975.24,MASTERCARD,INVALID_CARD,0,NEUTRAL,1
46062.06,MASTERCARD,NETWORK_ERROR,3,NEGATIVE,0
41759.42,VISA,INVALID_CARD,3,NEGATIVE,0
12084.14,MASTERCARD,INSUFFICIENT_FUNDS,3,POSITIVE,0
30519.85,AMEX,FUNDS_UNAVAILABLE,0,POSITIVE,1
35134.68,MASTERCARD,FRAUD_REVIEW,2,NEGATIVE,0
41160.84,AMEX,FUNDS_UNAVAILABLE,2,POSITIVE,0
43698.31,VISA,DO_NOT_HONOR,2,NEUTRAL,1
3380.83,WALLET,INSUFFICIENT_FUNDS,3,NEUTRAL,0
2960.87,WALLET,FUNDS_UNAVAILABLE,2,POSITIVE,1
5324.66,WALLET,INSUFFICIENT_FUNDS,1,NEGATIVE,0
2393.09,VISA,EXPIRED_CARD,0,NEUTRAL,1
46027.28,MASTERCARD,DO_NOT_HONOR,4,NEGATIVE,0
21084.59,AMEX,EXPIRED_CARD,3,NEGATIVE,0
41334.65,WALLET,NETWORK_ERROR,0,NEGATIVE,0
2823.07,MASTERCARD,DO_NOT_HONOR,3,POSITIVE,0
43328.41,AMEX,NETWORK_ERROR,0,NEGATIVE,1
18572.18,AMEX,INVALID_CARD,4,POSITIVE,0
29666.21,UPI,EXPIRED_CARD,4,POSITIVE,1
46633.4,VISA,EXPIRED_CARD,4,NEUTRAL,0
34734.35,VISA,NETWORK_ERROR,0,NEGATIVE,1
36956.52,AMEX,INSUFFICIENT_FUNDS,1,NEGATIVE,0
21106.83,VISA,FUNDS_UNAVAILABLE,2,POSITIVE,1
11727.33,WALLET,TIMEOUT,2,NEUTRAL,0
4428.14,VISA,FUNDS_UNAVAILABLE,3,POSITIVE,0
3301.69,MASTERCARD,EXPIRED_CARD,2,NEUTRAL,0
46316.89,UPI,NETWORK_ERROR,2,NEUTRAL,1
3919.43,MASTERCARD,FUNDS_UNAVAILABLE,4,POSITIVE,1
8385.87,UPI,NETWORK_ERROR,3,POSITIVE,0
48238.81,MASTERCARD,FRAUD_REVIEW,2,NEUTRAL,0
6171.7,MASTERCARD,INVALID_CARD,4,POSITIVE,0
42857.35,MASTERCARD,INSUFFICIENT_FUNDS,1,NEUTRAL,1
2637.74,AMEX,INVALID_CARD,1,POSITIVE,0
42759.14,WALLET,EXPIRED_CARD,0,NEUTRAL,1
39731.73,VISA,DO_NOT_HONOR,0,POSITIVE,1
41218.94,AMEX,INSUFFICIENT_FUNDS,4,NEGATIVE,0
40674.81,VISA,INSUFFICIENT_FUNDS,1,NEGATIVE,0
6613.82,AMEX,INSUFFICIENT_FUNDS,0,NEUTRAL,1
46221.76,UPI,TIMEOUT,3,POSITIVE,1
21447.87,AMEX,EXPIRED_CARD,1,NEUTRAL,1
44194.51,VISA,EXPIRED_CARD,2,NEUTRAL,0
27624.3,VISA,INSUFFICIENT_FUNDS,2,NEUTRAL,1
10133.0,WALLET,EXPIRED_CARD,4,POSITIVE,0
39139.41,AMEX,FRAUD_REVIEW,4,NEUTRAL,0
28369.43,AMEX,TIMEOUT,2,POSITIVE,1
29936.39,VISA,INVALID_CARD,0,NEUTRAL,0
38388.74,MASTERCARD,FUNDS_UNAVAILABLE,0,POSITIVE,1
13473.04,VISA,EXPIRED_CARD,4,NEUTRAL,0
41993.27,MASTERCARD,FUNDS_UNAVAILABLE,1,NEGATIVE,1
36957.63,AMEX,DO_NOT_HONOR,2,NEGATIVE,0
28242.82,MASTERCARD,FRAUD_REVIEW,4,NEUTRAL,0
2090.59,VISA,EXPIRED_CARD,4,POSITIVE,1
24003.85,AMEX,EXPIRED_CARD,1,NEUTRAL,0
45955.28,AMEX,DO_NOT_HONOR,0,POSITIVE,1
45877.76,VISA,NETWORK_ERROR,0,NEUTRAL,0
33174.55,WALLET,INSUFFICIENT_FUNDS,2,NEUTRAL,1
48797.86,UPI,FRAUD_REVIEW,2,POSITIVE,0
28186.47,WALLET,NETWORK_ERROR,1,NEGATIVE,0
8932.51,AMEX,INVALID_CARD,1,POSITIVE,0
47449.65,WALLET,TIMEOUT,4,POSITIVE,1
16047.2,WALLET,EXPIRED_CARD,4,POSITIVE,0
7204.04,VISA,EXPIRED_CARD,2,NEUTRAL,1
44288.95,VISA,NETWORK_ERROR,3,POSITIVE,1
12627.13,VISA,NETWORK_ERROR,2,POSITIVE,0
2597.74,UPI,TIMEOUT,1,NEUTRAL,1
19059.89,WALLET,TIMEOUT,0,NEUTRAL,0
28987.16,MASTERCARD,FUNDS_UNAVAILABLE,3,POSITIVE,0
1863.96,VISA,NETWORK_ERROR,2,POSITIVE,1
8671.24,UPI,FUNDS_UNAVAILABLE,0,NEGATIVE,0
48906.47,AMEX,FRAUD_REVIEW,0,NEUTRAL,0
8416.86,UPI,FUNDS_UNAVAILABLE,0,POSITIVE,1
48725.04,UPI,INVALID_CARD,2,NEUTRAL,0
2671.85,WALLET,FRAUD_REVIEW,1,POSITIVE,0
21494.78,AMEX,FRAUD_REVIEW,1,POSITIVE,1
8707.44,AMEX,INSUFFICIENT_FUNDS,3,POSITIVE,1
19993.87,UPI,INVALID_CARD,0,NEGATIVE,0
9407.08,UPI,NETWORK_ERROR,1,NEUTRAL,1
22099.07,AMEX,EXPIRED_CARD,2,NEGATIVE,0
37661.31,VISA,INSUFFICIENT_FUNDS,2,NEGATIVE,0
37871.55,MASTERCARD,DO_NOT_HONOR,3,NEGATIVE,0
26868.62,UPI,EXPIRED_CARD,3,NEUTRAL,0
45158.3,VISA,FUNDS_UNAVAILABLE,0,NEUTRAL,1
49221.53,MASTERCARD,EXPIRED_CARD,1,POSITIVE,1
49416.34,UPI,EXPIRED_CARD,1,NEGATIVE,0
45558.06,VISA,INSUFFICIENT_FUNDS,3,NEGATIVE,0
16441.11,AMEX,FRAUD_REVIEW,0,NEGATIVE,0
26223.59,UPI,INSUFFICIENT_FUNDS,3,POSITIVE,1
29479.12,VISA,INSUFFICIENT_FUNDS,4,POSITIVE,0
43400.27,AMEX,TIMEOUT,2,NEUTRAL,0
28686.76,UPI,DO_NOT_HONOR,1,NEUTRAL,1
30988.58,UPI,DO_NOT_HONOR,3,NEUTRAL,0
2654.69,UPI,INVALID_CARD,2,POSITIVE,1
39723.87,AMEX,INVALID_CARD,3,NEGATIVE,0
48630.33,MASTERCARD,FUNDS_UNAVAILABLE,2,NEGATIVE,0
41326.0,AMEX,TIMEOUT,4,NEGATIVE,0
22197.49,UPI,FRAUD_REVIEW,4,NEUTRAL,0
25860.43,MASTERCARD,INSUFFICIENT_FUNDS,2,NEGATIVE,0
6955.36,WALLET,DO_NOT_HONOR,1,POSITIVE,1
10196.19,VISA,EXPIRED_CARD,0,NEUTRAL,1
18146.68,MASTERCARD,INVALID_CARD,2,NEUTRAL,0
31843.41,VISA,DO_NOT_HONOR,1,NEUTRAL,1
22415.95,UPI,NETWORK_ERROR,2,POSITIVE,0
13081.26,VISA,INVALID_CARD,0,NEUTRAL,1
42720.3,MASTERCARD,EXPIRED_CARD,1,NEGATIVE,0
32649.05,WALLET,DO_NOT_HONOR,0,NEUTRAL,0
32439.1,WALLET,DO_NOT_HONOR,1,NEUTRAL,1
47161.65,AMEX,TIMEOUT,3,NEUTRAL,0
11066.81,AMEX,TIMEOUT,4,POSITIVE,1
49971.58,AMEX,INVALID_CARD,2,NEGATIVE,0
3379.09,AMEX,NETWORK_ERROR,2,NEUTRAL,0
47618.95,AMEX,EXPIRED_CARD,1,NEGATIVE,0
45004.41,WALLET,TIMEOUT,2,NEGATIVE,1
1467.67,UPI,INVALID_CARD,2,NEUTRAL,0
36889.26,WALLET,EXPIRED_CARD,2,NEGATIVE,0
34378.64,UPI,NETWORK_ERROR,4,NEUTRAL,0
42063.81,WALLET,FUNDS_UNAVAILABLE,2,POSITIVE,1
37097.76,WALLET,FUNDS_UNAVAILABLE,2,NEGATIVE,1
17893.11,AMEX,TIMEOUT,2,NEUTRAL,1
14843.75,VISA,FRAUD_REVIEW,0,NEGATIVE,0
47226.19,VISA,FRAUD_REVIEW,1,NEGATIVE,0
34098.75,WALLET,INVALID_CARD,3,POSITIVE,0
7708.77,MASTERCARD,NETWORK_ERROR,3,NEGATIVE,0
49335.13,MASTERCARD,NETWORK_ERROR,1,POSITIVE,1
31625.43,MASTERCARD,NETWORK_ERROR,0,POSITIVE,1
10627.24,MASTERCARD,FUNDS_UNAVAILABLE,3,POSITIVE,1
21798.83,UPI,TIMEOUT,3,NEUTRAL,0
2078.72,MASTERCARD,NETWORK_ERROR,0,NEUTRAL,0
26645.48,VISA,DO_NOT_HONOR,1,POSITIVE,1
17348.62,MASTERCARD,INSUFFICIENT_FUNDS,3,NEGATIVE,0
8517.61,VISA,INVALID_CARD,2,NEUTRAL,0
29899.22,AMEX,TIMEOUT,1,NEUTRAL,0
24610.9,MASTERCARD,FUNDS_UNAVAILABLE,3,POSITIVE,1
36413.01,MASTERCARD,EXPIRED_CARD,0,NEGATIVE,0
6333.47,VISA,TIMEOUT,2,NEGATIVE,0
29777.42,VISA,INSUFFICIENT_FUNDS,0,POSITIVE,1
20955.42,UPI,INSUFFICIENT_FUNDS,4,NEUTRAL,0
7825.73,VISA,INVALID_CARD,3,NEGATIVE,0
26111.4,WALLET,FUNDS_UNAVAILABLE,3,POSITIVE,0
30961.36,AMEX,INSUFFICIENT_FUNDS,0,NEUTRAL,1
10147.52,AMEX,EXPIRED_CARD,2,NEGATIVE,0
8186.61,WALLET,FRAUD_REVIEW,1,NEGATIVE,0
16664.06,VISA,DO_NOT_HONOR,0,POSITIVE,1
33517.29,MASTERCARD,INSUFFICIENT_FUNDS,4,POSITIVE,0
5244.27,AMEX,EXPIRED_CARD,3,NEUTRAL,0
2693.99,MASTERCARD,DO_NOT_HONOR,2,NEUTRAL,0
15772.81,VISA,INSUFFICIENT_FUNDS,0,POSITIVE,0
33235.08,MASTERCARD,NETWORK_ERROR,2,NEUTRAL,0
13561.81,VISA,NETWORK_ERROR,2,POSITIVE,1
20132.46,UPI,INVALID_CARD,3,NEGATIVE,0
40034.98,MASTERCARD,INSUFFICIENT_FUNDS,1,NEGATIVE,0
49082.14,MASTERCARD,INSUFFICIENT_FUNDS,3,NEGATIVE,0
28533.38,UPI,FUNDS_UNAVAILABLE,4,NEUTRAL,0
30645.65,MASTERCARD,FRAUD_REVIEW,3,POSITIVE,0
22146.26,VISA,INVALID_CARD,2,POSITIVE,0
33960.86,WALLET,EXPIRED_CARD,2,NEGATIVE,0
35088.89,VISA,TIMEOUT,1,NEUTRAL,1
33879.52,UPI,FUNDS_UNAVAILABLE,4,NEGATIVE,0
32241.26,MASTERCARD,FRAUD_REVIEW,3,POSITIVE,0
24684.07,MASTERCARD,NETWORK_ERROR,2,POSITIVE,1
27614.68,UPI,TIMEOUT,1,POSITIVE,1
40102.81,UPI,INSUFFICIENT_FUNDS,3,NEUTRAL,0
49037.4,VISA,INSUFFICIENT_FUNDS,3,NEUTRAL,1
27545.12,VISA,INVALID_CARD,4,NEGATIVE,0
33639.42,AMEX,NETWORK_ERROR,0,POSITIVE,1
16732.24,WALLET,FRAUD_REVIEW,2,NEGATIVE,0
5052.36,MASTERCARD,DO_NOT_HONOR,2,NEUTRAL,0
48228.8,AMEX,NETWORK_ERROR,0,POSITIVE,0
24722.62,UPI,INSUFFICIENT_FUNDS,2,NEGATIVE,1
6213.14,UPI,EXPIRED_CARD,3,POSITIVE,0
5566.73,UPI,DO_NOT_HONOR,4,POSITIVE,0
22635.13,WALLET,FUNDS_UNAVAILABLE,3,POSITIVE,0
2618.87,UPI,FRAUD_REVIEW,4,POSITIVE,0
8847.78,MASTERCARD,INSUFFICIENT_FUNDS,3,NEGATIVE,0
44158.25,WALLET,TIMEOUT,3,NEGATIVE,0
38166.26,AMEX,TIMEOUT,2,NEUTRAL,1
6841.92,UPI,INVALID_CARD,4,NEUTRAL,0
46788.5,MASTERCARD,EXPIRED_CARD,1,NEGATIVE,0
34393.24,MASTERCARD,FUNDS_UNAVAILABLE,4,NEGATIVE,0
16254.59,VISA,NETWORK_ERROR,4,NEUTRAL,0
47145.15,UPI,INVALID_CARD,3,POSITIVE,0
1458.55,MASTERCARD,DO_NOT_HONOR,0,POSITIVE,1
39319.5,AMEX,INVALID_CARD,1,POSITIVE,0
14898.0,WALLET,DO_NOT_HONOR,2,NEUTRAL,1
43428.16,WALLET,EXPIRED_CARD,4,NEUTRAL,0
39258.5,AMEX,DO_NOT_HONOR,3,NEUTRAL,0
39447.95,AMEX,DO_NOT_HONOR,0,NEGATIVE,1
31103.97,UPI,EXPIRED_CARD,2,NEGATIVE,0
30248.67,MASTERCARD,INVALID_CARD,3,POSITIVE,0
3908.56,MASTERCARD,INSUFFICIENT_FUNDS,3,POSITIVE,1
27918.61,MASTERCARD,FUNDS_UNAVAILABLE,4,NEUTRAL,1
23423.3,MASTERCARD,DO_NOT_HONOR,1,NEUTRAL,1
38728.32,WALLET,INVALID_CARD,3,NEGATIVE,0
3829.46,AMEX,EXPIRED_CARD,1,NEGATIVE,1
25355.99,UPI,TIMEOUT,0,NEUTRAL,1
10825.02,AMEX,NETWORK_ERROR,2,NEUTRAL,1
37682.25,WALLET,FRAUD_REVIEW,4,NEGATIVE,1
33513.14,UPI,EXPIRED_CARD,4,NEGATIVE,0
2185.89,AMEX,TIMEOUT,0,NEUTRAL,1
36253.99,VISA,NETWORK_ERROR,4,NEGATIVE,0
2383.81,MASTERCARD,NETWORK_ERROR,4,POSITIVE,0
8536.26,WALLET,DO_NOT_HONOR,0,POSITIVE,1
38724.4,UPI,INSUFFICIENT_FUNDS,1,NEGATIVE,0
43956.13,UPI,INSUFFICIENT_FUNDS,1,POSITIVE,1
16719.43,VISA,INSUFFICIENT_FUNDS,0,POSITIVE,1
27992.59,WALLET,EXPIRED_CARD,2,NEUTRAL,0
31584.82,UPI,NETWORK_ERROR,0,NEUTRAL,0
26834.75,WALLET,INSUFFICIENT_FUNDS,4,POSITIVE,0
3814.95,WALLET,INSUFFICIENT_FUNDS,2,NEGATIVE,0
4507.96,UPI,TIMEOUT,3,NEGATIVE,1
7984.91,MASTERCARD,FUNDS_UNAVAILABLE,3,NEGATIVE,0
31775.47,AMEX,NETWORK_ERROR,0,NEGATIVE,0
7240.42,VISA,DO_NOT_HONOR,4,NEGATIVE,0
27466.77,VISA,INVALID_CARD,1,NEGATIVE,0
36351.68,MASTERCARD,TIMEOUT,4,POSITIVE,1
11195.24,AMEX,EXPIRED_CARD,0,POSITIVE,0
28451.17,VISA,FRAUD_REVIEW,4,POSITIVE,0
3554.67,VISA,EXPIRED_CARD,4,NEUTRAL,0
17985.49,MASTERCARD,INSUFFICIENT_FUNDS,2,NEGATIVE,1
9836.23,UPI,FRAUD_REVIEW,2,NEGATIVE,0
34734.21,MASTERCARD,NETWORK_ERROR,2,NEUTRAL,1
15798.1,MASTERCARD,TIMEOUT,2,NEUTRAL,1
36702.05,UPI,FRAUD_REVIEW,3,NEUTRAL,0
24451.17,VISA,FUNDS_UNAVAILABLE,4,POSITIVE,0
42963.94,MASTERCARD,EXPIRED_CARD,2,NEGATIVE,0
4007.83,VISA,DO_NOT_HONOR,4,NEGATIVE,1
29178.15,UPI,EXPIRED_CARD,0,NEGATIVE,0
44720.5,WALLET,FRAUD_REVIEW,1,NEUTRAL,0
44593.59,WALLET,INVALID_CARD,1,NEUTRAL,0
4709.59,AMEX,DO_NOT_HONOR,1,NEGATIVE,0
37908.86,MASTERCARD,FRAUD_REVIEW,1,POSITIVE,0
28377.46,MASTERCARD,FRAUD_REVIEW,2,POSITIVE,1
24484.58,VISA,INVALID_CARD,2,POSITIVE,1
10497.35,AMEX,TIMEOUT,3,NEUTRAL,0
2187.25,AMEX,INSUFFICIENT_FUNDS,4,NEGATIVE,0
41776.64,AMEX,FUNDS_UNAVAILABLE,3,NEGATIVE,0
29466.41,VISA,INVALID_CARD,3,POSITIVE,0
17774.32,AMEX,FRAUD_REVIEW,3,NEGATIVE,1
44125.31,UPI,FUNDS_UNAVAILABLE,1,POSITIVE,1
14184.31,MASTERCARD,FUNDS_UNAVAILABLE,1,NEUTRAL,0
40884.36,MASTERCARD,TIMEOUT,2,NEGATIVE,1
33826.43,UPI,EXPIRED_CARD,4,POSITIVE,0
20662.78,MASTERCARD,DO_NOT_HONOR,1,NEGATIVE,0
6909.26,WALLET,DO_NOT_HONOR,4,POSITIVE,1
13061.33,MASTERCARD,TIMEOUT,4,NEGATIVE,0
43949.75,AMEX,INSUFFICIENT_FUNDS,1,NEUTRAL,0
23676.39,UPI,FUNDS_UNAVAILABLE,1,NEUTRAL,0
39771.88,MASTERCARD,INVALID_CARD,1,NEGATIVE,0
46133.13,WALLET,INSUFFICIENT_FUNDS,1,NEUTRAL,1
5606.79,MASTERCARD,TIMEOUT,1,NEGATIVE,1
23898.29,WALLET,DO_NOT_HONOR,4,NEGATIVE,0
4840.86,MASTERCARD,DO_NOT_HONOR,3,NEGATIVE,0
43766.25,WALLET,TIMEOUT,1,NEUTRAL,0
19185.58,WALLET,INSUFFICIENT_FUNDS,3,POSITIVE,1
38339.77,VISA,INVALID_CARD,4,NEGATIVE,0
9613.25,VISA,INSUFFICIENT_FUNDS,4,POSITIVE,1
10429.85,AMEX,TIMEOUT,2,POSITIVE,1
32648.48,AMEX,INVALID_CARD,4,NEUTRAL,0
30671.66,UPI,EXPIRED_CARD,3,NEGATIVE,0
24226.89,AMEX,FRAUD_REVIEW,2,NEUTRAL,0
38754.89,UPI,FUNDS_UNAVAILABLE,0,NEGATIVE,1
39198.84,MASTERCARD,INSUFFICIENT_FUNDS,1,NEGATIVE,0
17054.2,WALLET,DO_NOT_HONOR,1,NEUTRAL,0
463.47,VISA,FUNDS_UNAVAILABLE,3,NEGATIVE,0
3391.21,MASTERCARD,NETWORK_ERROR,0,NEGATIVE,1
19339.44,UPI,INVALID_CARD,4,POSITIVE,0
41047.39,UPI,FRAUD_REVIEW,0,POSITIVE,0
46551.77,WALLET,INVALID_CARD,1,POSITIVE,0
25625.28,MASTERCARD,FUNDS_UNAVAILABLE,0,NEUTRAL,1
214.31,MASTERCARD,INSUFFICIENT_FUNDS,2,NEUTRAL,1
19878.13,WALLET,EXPIRED_CARD,4,POSITIVE,0
3617.14,VISA,INVALID_CARD,4,NEGATIVE,0
48171.73,AMEX,EXPIRED_CARD,4,POSITIVE,0
20317.03,VISA,INVALID_CARD,1,NEUTRAL,0
28019.81,WALLET,INVALID_CARD,2,POSITIVE,0
47844.13,WALLET,INVALID_CARD,3,NEUTRAL,0
38544.37,AMEX,FRAUD_REVIEW,3,NEGATIVE,0
24202.11,AMEX,INSUFFICIENT_FUNDS,3,NEGATIVE,0
11175.04,MASTERCARD,NETWORK_ERROR,3,NEUTRAL,0
684.21,AMEX,EXPIRED_CARD,2,POSITIVE,1
37489.65,AMEX,INSUFFICIENT_FUNDS,4,POSITIVE,0
17806.19,WALLET,INVALID_CARD,1,NEGATIVE,0
45514.39,UPI,EXPIRED_CARD,1,NEGATIVE,0
13417.19,MASTERCARD,EXPIRED_CARD,1,NEGATIVE,0
38991.14,VISA,INSUFFICIENT_FUNDS,3,NEGATIVE,1
42883.05,VISA,FRAUD_REVIEW,2,NEGATIVE,0
44926.44,WALLET,INVALID_CARD,3,POSITIVE,0
45817.14,AMEX,TIMEOUT,1,NEGATIVE,1
26381.63,UPI,FRAUD_REVIEW,4,POSITIVE,0
19807.1,MASTERCARD,FRAUD_REVIEW,0,NEGATIVE,0
15919.43,VISA,DO_NOT_HONOR,1,NEUTRAL,1
16406.72,WALLET,INVALID_CARD,1,NEGATIVE,0
13616.53,WALLET,NETWORK_ERROR,2,POSITIVE,1
10684.52,AMEX,NETWORK_ERROR,3,NEUTRAL,0
28656.2,WALLET,EXPIRED_CARD,0,NEGATIVE,0
11943.1,UPI,TIMEOUT,1,POSITIVE,1
36979.39,UPI,DO_NOT_HONOR,1,NEUTRAL,1
49778.98,WALLET,NETWORK_ERROR,3,NEUTRAL,1
42953.4,VISA,TIMEOUT,0,NEGATIVE,1
10930.27,AMEX,FRAUD_REVIEW,0,NEUTRAL,0
13136.5,AMEX,INVALID_CARD,2,POSITIVE,1
17684.31,WALLET,EXPIRED_CARD,4,NEGATIVE,0
27014.23,AMEX,NETWORK_ERROR,2,NEGATIVE,0
38782.27,UPI,INSUFFICIENT_FUNDS,3,NEGATIVE,0
31659.27,MASTERCARD,FUNDS_UNAVAILABLE,2,NEUTRAL,0
28667.55,VISA,INSUFFICIENT_FUNDS,1,NEUTRAL,1
15980.54,AMEX,INVALID_CARD,4,NEGATIVE,0
44407.05,AMEX,FRAUD_REVIEW,3,POSITIVE,0
1350.43,MASTERCARD,INVALID_CARD,0,POSITIVE,1
5329.86,VISA,FRAUD_REVIEW,4,POSITIVE,1
19971.22,VISA,INSUFFICIENT_FUNDS,2,NEGATIVE,1
32810.67,UPI,INVALID_CARD,1,POSITIVE,0
22269.39,MASTERCARD,FUNDS_UNAVAILABLE,4,POSITIVE,1
33244.75,AMEX,FRAUD_REVIEW,3,NEGATIVE,0
27517.55,MASTERCARD,FUNDS_UNAVAILABLE,4,NEGATIVE,0
37495.8,WALLET,TIMEOUT,4,NEGATIVE,0
15621.13,AMEX,FRAUD_REVIEW,4,POSITIVE,0
22204.64,AMEX,TIMEOUT,2,POSITIVE,1
204.6,MASTERCARD,NETWORK_ERROR,2,NEUTRAL,1
34450.94,UPI,FRAUD_REVIEW,2,POSITIVE,0
39938.65,WALLET,EXPIRED_CARD,0,NEGATIVE,0
20704.45,WALLET,TIMEOUT,3,POSITIVE,1
36908.47,UPI,TIMEOUT,1,NEUTRAL,1
31341.09,WALLET,INVALID_CARD,2,NEGATIVE,0
40478.67,UPI,EXPIRED_CARD,0,POSITIVE,1
5695.75,UPI,FRAUD_REVIEW,2,NEGATIVE,0
9551.91,VISA,FUNDS_UNAVAILABLE,0,NEGATIVE,1
48622.16,AMEX,INVALID_CARD,1,NEGATIVE,0
608.56,VISA,FUNDS_UNAVAILABLE,0,NEUTRAL,1
21128.1,UPI,NETWORK_ERROR,3,NEGATIVE,0
16646.38,MASTERCARD,DO_NOT_HONOR,2,NEUTRAL,1
23613.31,MASTERCARD,INVALID_CARD,3,POSITIVE,1
38453.65,MASTERCARD,TIMEOUT,3,POSITIVE,0
1868.81,UPI,INSUFFICIENT_FUNDS,4,NEGATIVE,0
23746.71,AMEX,NETWORK_ERROR,1,NEGATIVE,0
37287.28,WALLET,INSUFFICIENT_FUNDS,2,NEUTRAL,0
10096.44,VISA,EXPIRED_CARD,0,POSITIVE,0
16360.77,MASTERCARD,INVALID_CARD,4,POSITIVE,0
12305.85,VISA,FRAUD_REVIEW,4,POSITIVE,0
4656.1,MASTERCARD,FRAUD_REVIEW,0,NEGATIVE,0
46556.27,VISA,DO_NOT_HONOR,2,NEGATIVE,1
26910.4,VISA,FUNDS_UNAVAILABLE,3,POSITIVE,1
28005.85,AMEX,FRAUD_REVIEW,1,POSITIVE,0
18036.74,MASTERCARD,INVALID_CARD,0,NEUTRAL,0
28039.43,WALLET,FRAUD_REVIEW,1,NEGATIVE,0
17513.7,UPI,INVALID_CARD,4,NEGATIVE,0
26650.64,UPI,INVALID_CARD,2,NEGATIVE,0
235.85,WALLET,TIMEOUT,1,POSITIVE,1
18330.94,WALLET,EXPIRED_CARD,2,NEGATIVE,0
48364.73,UPI,EXPIRED_CARD,4,NEGATIVE,0
27663.1,WALLET,INVALID_CARD,2,NEUTRAL,0
5701.11,WALLET,INSUFFICIENT_FUNDS,0,POSITIVE,1
1757.43,VISA,FRAUD_REVIEW,1,POSITIVE,1
32159.23,UPI,FRAUD_REVIEW,4,NEGATIVE,0
12945.74,AMEX,EXPIRED_CARD,4,NEGATIVE,0
46524.51,MASTERCARD,FRAUD_REVIEW,0,NEUTRAL,0
3222.87,WALLET,TIMEOUT,2,NEGATIVE,1
30923.28,WALLET,DO_NOT_HONOR,0,NEUTRAL,1
10951.82,WALLET,INSUFFICIENT_FUNDS,0,NEGATIVE,1
19389.49,MASTERCARD,EXPIRED_CARD,4,NEGATIVE,0
28009.49,WALLET,TIMEOUT,0,NEGATIVE,0
33789.73,UPI,INSUFFICIENT_FUNDS,1,POSITIVE,1
25333.7,MASTERCARD,FRAUD_REVIEW,2,NEUTRAL,0
49843.15,AMEX,TIMEOUT,3,NEGATIVE,0
12187.98,WALLET,EXPIRED_CARD,3,NEGATIVE,0
12853.64,UPI,FRAUD_REVIEW,3,POSITIVE,0
49151.23,WALLET,DO_NOT_HONOR,4,POSITIVE,0
15231.71,AMEX,EXPIRED_CARD,1,NEUTRAL,1
41132.61,AMEX,FUNDS_UNAVAILABLE,0,POSITIVE,1
7974.13,AMEX,NETWORK_ERROR,4,POSITIVE,1
40591.5,VISA,TIMEOUT,4,POSITIVE,0
36234.31,UPI,FUNDS_UNAVAILABLE,3,NEGATIVE,0
41011.86,VISA,INVALID_CARD,0,NEGATIVE,0
19201.0,VISA,NETWORK_ERROR,2,NEUTRAL,1
43417.99,MASTERCARD,DO_NOT_HONOR,3,POSITIVE,1
2250.88,WALLET,FUNDS_UNAVAILABLE,2,NEGATIVE,0
7829.23,UPI,FRAUD_REVIEW,4,NEGATIVE,0
11259.86,AMEX,TIMEOUT,1,POSITIVE,1
23897.56,VISA,TIMEOUT,2,POSITIVE,1
21837.66,MASTERCARD,FUNDS_UNAVAILABLE,3,NEGATIVE,0
19886.88,WALLET,EXPIRED_CARD,4,NEGATIVE,0
26307.54,MASTERCARD,INSUFFICIENT_FUNDS,2,NEUTRAL,1
46222.08,VISA,INSUFFICIENT_FUNDS,3,NEUTRAL,0
9686.39,AMEX,DO_NOT_HONOR,2,POSITIVE,0
30887.81,UPI,FUNDS_UNAVAILABLE,3,POSITIVE,0
11827.78,AMEX,FUNDS_UNAVAILABLE,0,POSITIVE,1
12303.81,WALLET,FUNDS_UNAVAILABLE,2,POSITIVE,1
40253.18,AMEX,FRAUD_REVIEW,3,POSITIVE,0
37052.65,MASTERCARD,EXPIRED_CARD,4,NEGATIVE,0
27530.24,WALLET,FUNDS_UNAVAILABLE,0,NEUTRAL,1
33243.71,VISA,INVALID_CARD,1,POSITIVE,1
39501.59,WALLET,INVALID_CARD,0,NEUTRAL,0
615.04,UPI,INVALID_CARD,2,POSITIVE,1
43397.04,UPI,EXPIRED_CARD,3,NEGATIVE,0
5160.26,AMEX,FRAUD_REVIEW,4,NEGATIVE,0
10103.98,UPI,DO_NOT_HONOR,0,POSITIVE,0
15385.39,UPI,TIMEOUT,1,POSITIVE,1
17725.27,AMEX,EXPIRED_CARD,4,NEUTRAL,0
31364.46,UPI,DO_NOT_HONOR,4,NEUTRAL,1
17220.95,UPI,FUNDS_UNAVAILABLE,0,NEGATIVE,1
48038.16,WALLET,EXPIRED_CARD,3,POSITIVE,0
21437.96,AMEX,NETWORK_ERROR,3,NEGATIVE,0
32693.14,WALLET,EXPIRED_CARD,1,NEUTRAL,0
44952.43,MASTERCARD,TIMEOUT,1,NEGATIVE,0
45872.18,AMEX,INSUFFICIENT_FUNDS,4,NEGATIVE,0
6095.69,AMEX,FUNDS_UNAVAILABLE,0,NEUTRAL,0
20819.2,UPI,INVALID_CARD,3,NEGATIVE,0
44727.68,AMEX,FUNDS_UNAVAILABLE,1,POSITIVE,1
1504.67,WALLET,INVALID_CARD,4,NEGATIVE,0
29898.76,MASTERCARD,DO_NOT_HONOR,2,POSITIVE,1
23934.79,WALLET,FRAUD_REVIEW,2,POSITIVE,0
24673.99,MASTERCARD,FUNDS_UNAVAILABLE,1,POSITIVE,1
38274.03,VISA,INVALID_CARD,3,POSITIVE,0
49414.52,MASTERCARD,INSUFFICIENT_FUNDS,1,NEUTRAL,0
24599.16,AMEX,FRAUD_REVIEW,1,NEUTRAL,0
2282.95,UPI,NETWORK_ERROR,3,NEGATIVE,0
28682.34,WALLET,DO_NOT_HONOR,4,POSITIVE,1
41385.1,VISA,EXPIRED_CARD,4,NEGATIVE,0
36811.47,WALLET,TIMEOUT,4,NEGATIVE,0
9654.55,UPI,TIMEOUT,2,NEUTRAL,1
21238.62,WALLET,DO_NOT_HONOR,4,POSITIVE,1
32375.86,VISA,INSUFFICIENT_FUNDS,1,NEGATIVE,0
34866.48,MASTERCARD,TIMEOUT,3,NEUTRAL,0
9108.15,WALLET,EXPIRED_CARD,3,POSITIVE,0
34647.53,MASTERCARD,INSUFFICIENT_FUNDS,0,POSITIVE,1
31776.81,VISA,TIMEOUT,4,NEGATIVE,0
19058.2,UPI,DO_NOT_HONOR,1,NEUTRAL,1
33044.61,MASTERCARD,FUNDS_UNAVAILABLE,1,POSITIVE,1
2755.26,AMEX,INVALID_CARD,3,NEUTRAL,0
6054.19,MASTERCARD,EXPIRED_CARD,0,NEGATIVE,0
807.95,UPI,FRAUD_REVIEW,4,POSITIVE,0
24774.65,MASTERCARD,FRAUD_REVIEW,3,NEUTRAL,0
30140.59,VISA,EXPIRED_CARD,4,NEUTRAL,0
27965.92,MASTERCARD,DO_NOT_HONOR,1,POSITIVE,1
17581.19,MASTERCARD,DO_NOT_HONOR,4,NEGATIVE,0
46035.16,VISA,INSUFFICIENT_FUNDS,3,POSITIVE,1
14362.15,WALLET,FUNDS_UNAVAILABLE,3,NEGATIVE,0
46587.7,VISA,INVALID_CARD,2,NEUTRAL,0
41049.18,UPI,INSUFFICIENT_FUNDS,2,NEUTRAL,1
34792.05,AMEX,NETWORK_ERROR,4,NEUTRAL,0
34852.31,WALLET,DO_NOT_HONOR,0,NEGATIVE,0
31523.13,VISA,FRAUD_REVIEW,4,NEGATIVE,0
30520.46,AMEX,INVALID_CARD,4,NEGATIVE,0
17821.9,MASTERCARD,FRAUD_REVIEW,4,NEGATIVE,0
24726.72,MASTERCARD,EXPIRED_CARD,2,POSITIVE,1
1394.54,VISA,EXPIRED_CARD,4,NEUTRAL,0
16822.85,WALLET,EXPIRED_CARD,0,NEGATIVE,0
14225.01,VISA,INVALID_CARD,2,NEGATIVE,0
38398.22,VISA,NETWORK_ERROR,2,NEUTRAL,0
30876.47,VISA,FUNDS_UNAVAILABLE,1,NEUTRAL,0
46129.53,UPI,FRAUD_REVIEW,0,NEGATIVE,0
7938.24,UPI,NETWORK_ERROR,3,NEUTRAL,0
2989.91,WALLET,INVALID_CARD,4,NEGATIVE,0
27847.82,VISA,EXPIRED_CARD,4,NEGATIVE,0
45826.09,AMEX,INSUFFICIENT_FUNDS,1,NEUTRAL,0
17089.79,UPI,FUNDS_UNAVAILABLE,4,NEGATIVE,0
29840.55,AMEX,NETWORK_ERROR,0,NEUTRAL,1
24953.31,MASTERCARD,NETWORK_ERROR,3,NEUTRAL,1
15255.45,VISA,NETWORK_ERROR,0,POSITIVE,0
22299.95,VISA,FRAUD_REVIEW,4,POSITIVE,0
46197.11,WALLET,INVALID_CARD,2,POSITIVE,0
5092.93,WALLET,FUNDS_UNAVAILABLE,1,NEGATIVE,1
19501.89,WALLET,INSUFFICIENT_FUNDS,0,NEUTRAL,0
34415.21,WALLET,INSUFFICIENT_FUNDS,2,NEUTRAL,0
5334.52,AMEX,DO_NOT_HONOR,4,NEUTRAL,0
10650.32,MASTERCARD,EXPIRED_CARD,2,NEUTRAL,0
38684.8,VISA,INVALID_CARD,1,POSITIVE,1
959.78,WALLET,INSUFFICIENT_FUNDS,1,NEGATIVE,1
16060.55,MASTERCARD,INVALID_CARD,4,POSITIVE,0
15706.6,AMEX,FRAUD_REVIEW,0,POSITIVE,1
45183.96,VISA,INSUFFICIENT_FUNDS,3,POSITIVE,1
19717.45,WALLET,FRAUD_REVIEW,4,NEUTRAL,0
40908.61,WALLET,INSUFFICIENT_FUNDS,3,NEGATIVE,0
40679.98,UPI,INSUFFICIENT_FUNDS,3,NEUTRAL,0
35568.75,UPI,FRAUD_REVIEW,1,POSITIVE,1
44805.9,AMEX,NETWORK_ERROR,3,POSITIVE,0
33325.99,AMEX,FRAUD_REVIEW,3,POSITIVE,0
5821.78,UPI,FRAUD_REVIEW,1,NEUTRAL,0
30301.12,MASTERCARD,INSUFFICIENT_FUNDS,3,NEGATIVE,0
16428.31,VISA,INVALID_CARD,4,NEUTRAL,0
20789.41,WALLET,EXPIRED_CARD,4,POSITIVE,0
19314.06,AMEX,EXPIRED_CARD,4,NEUTRAL,0
21880.61,AMEX,EXPIRED_CARD,1,NEGATIVE,0
37020.48,WALLET,FRAUD_REVIEW,0,NEGATIVE,0
16403.83,VISA,FRAUD_REVIEW,1,NEUTRAL,0
3666.46,VISA,TIMEOUT,2,NEUTRAL,0
3261.81,MASTERCARD,FUNDS_UNAVAILABLE,4,NEGATIVE,0
37902.47,MASTERCARD,FRAUD_REVIEW,4,NEUTRAL,0
28980.98,MASTERCARD,EXPIRED_CARD,2,NEUTRAL,0
45677.57,AMEX,TIMEOUT,2,POSITIVE,1
30652.24,WALLET,TIMEOUT,1,NEUTRAL,1
45073.57,VISA,DO_NOT_HONOR,4,NEUTRAL,1
14254.02,VISA,EXPIRED_CARD,3,NEGATIVE,0
31335.67,UPI,TIMEOUT,3,NEUTRAL,0
33191.88,UPI,FUNDS_UNAVAILABLE,1,NEGATIVE,0
46239.21,UPI,FUNDS_UNAVAILABLE,2,NEGATIVE,1
777.82,VISA,FUNDS_UNAVAILABLE,3,NEGATIVE,0
49512.84,VISA,FUNDS_UNAVAILABLE,3,NEUTRAL,0
34830.45,UPI,FUNDS_UNAVAILABLE,3,NEGATIVE,0
41039.56,UPI,NETWORK_ERROR,1,POSITIVE,1
570.01,UPI,EXPIRED_CARD,4,NEUTRAL,0
27399.08,AMEX,DO_NOT_HONOR,0,NEGATIVE,1
18555.21,WALLET,FRAUD_REVIEW,0,POSITIVE,0
26415.12,AMEX,FRAUD_REVIEW,4,POSITIVE,0
30581.52,MASTERCARD,FRAUD_REVIEW,0,NEGATIVE,0
39945.29,AMEX,DO_NOT_HONOR,2,NEGATIVE,0
23549.67,WALLET,FRAUD_REVIEW,4,NEGATIVE,0
17775.14,AMEX,INVALID_CARD,1,POSITIVE,0
29962.3,AMEX,INVALID_CARD,0,NEGATIVE,0
8620.15,VISA,INVALID_CARD,4,POSITIVE,0
4309.01,WALLET,INSUFFICIENT_FUNDS,2,NEUTRAL,1
14192.4,AMEX,DO_NOT_HONOR,0,NEGATIVE,1
29670.15,MASTERCARD,FRAUD_REVIEW,2,POSITIVE,0
35098.59,UPI,FUNDS_UNAVAILABLE,4,POSITIVE,1
4403.19,MASTERCARD,FUNDS_UNAVAILABLE,3,NEUTRAL,0
12049.78,UPI,FUNDS_UNAVAILABLE,1,NEGATIVE,0
17384.77,AMEX,INSUFFICIENT_FUNDS,0,POSITIVE,1
23916.35,UPI,EXPIRED_CARD,3,NEGATIVE,0
23834.56,MASTERCARD,TIMEOUT,0,NEUTRAL,0
22551.27,AMEX,DO_NOT_HONOR,0,NEGATIVE,0
47817.95,UPI,INVALID_CARD,2,NEUTRAL,0
5094.18,WALLET,TIMEOUT,3,NEGATIVE,0
36768.81,WALLET,EXPIRED_CARD,4,NEUTRAL,0
49662.1,AMEX,DO_NOT_HONOR,0,POSITIVE,1
5065.4,VISA,FRAUD_REVIEW,2,POSITIVE,0
12744.43,VISA,DO_NOT_HONOR,4,POSITIVE,1
29788.1,MASTERCARD,INSUFFICIENT_FUNDS,0,POSITIVE,0
6669.38,WALLET,FUNDS_UNAVAILABLE,0,NEGATIVE,1
14869.52,VISA,FRAUD_REVIEW,2,NEUTRAL,0
33445.44,AMEX,INVALID_CARD,1,POSITIVE,1
3306.89,UPI,NETWORK_ERROR,0,NEUTRAL,0
13380.31,UPI,INSUFFICIENT_FUNDS,3,POSITIVE,0
9086.42,UPI,INSUFFICIENT_FUNDS,1,NEGATIVE,0
11075.65,VISA,FRAUD_REVIEW,2,POSITIVE,1
3706.53,AMEX,FRAUD_REVIEW,0,NEUTRAL,1
32088.7,VISA,TIMEOUT,2,POSITIVE,1
45249.95,WALLET,DO_NOT_HONOR,4,NEGATIVE,0
24635.84,UPI,TIMEOUT,0,NEGATIVE,1
19344.31,UPI,INSUFFICIENT_FUNDS,4,NEGATIVE,0
18074.13,AMEX,TIMEOUT,0,NEGATIVE,0
32424.31,AMEX,NETWORK_ERROR,0,NEUTRAL,0
14639.94,MASTERCARD,FUNDS_UNAVAILABLE,4,POSITIVE,0
33104.56,AMEX,TIMEOUT,0,NEGATIVE,0
24427.88,UPI,EXPIRED_CARD,1,POSITIVE,1
36043.0,WALLET,EXPIRED_CARD,3,NEUTRAL,0
27119.49,AMEX,FRAUD_REVIEW,4,NEUTRAL,0
1017.63,AMEX,DO_NOT_HONOR,2,NEGATIVE,1
6085.72,WALLET,FRAUD_REVIEW,4,POSITIVE,0
11802.69,VISA,DO_NOT_HONOR,1,NEUTRAL,1
23666.74,WALLET,DO_NOT_HONOR,1,NEGATIVE,0
915.39,VISA,INVALID_CARD,0,NEUTRAL,0
41800.54,VISA,INSUFFICIENT_FUNDS,0,NEUTRAL,1
30858.3,VISA,EXPIRED_CARD,3,NEUTRAL,0
49113.2,UPI,NETWORK_ERROR,0,NEGATIVE,0
7039.0,MASTERCARD,DO_NOT_HONOR,4,POSITIVE,1
6213.13,MASTERCARD,TIMEOUT,1,NEGATIVE,1
8417.31,MASTERCARD,DO_NOT_HONOR,1,POSITIVE,1
31683.29,UPI,FUNDS_UNAVAILABLE,0,NEUTRAL,1
559.75,VISA,INVALID_CARD,3,NEGATIVE,0
38673.62,MASTERCARD,EXPIRED_CARD,1,NEGATIVE,0
22630.87,MASTERCARD,FUNDS_UNAVAILABLE,4,NEGATIVE,1
9164.02,UPI,INSUFFICIENT_FUNDS,2,NEUTRAL,1
27973.98,MASTERCARD,INSUFFICIENT_FUNDS,4,POSITIVE,0
43164.01,WALLET,EXPIRED_CARD,3,NEGATIVE,0
13966.04,MASTERCARD,INSUFFICIENT_FUNDS,1,NEGATIVE,0
45591.92,UPI,FUNDS_UNAVAILABLE,1,NEGATIVE,0
2890.58,AMEX,INVALID_CARD,1,NEUTRAL,1
30917.6,UPI,DO_NOT_HONOR,0,NEGATIVE,1
26960.56,MASTERCARD,DO_NOT_HONOR,3,NEGATIVE,1
44774.94,UPI,NETWORK_ERROR,3,POSITIVE,0
44938.96,MASTERCARD,INSUFFICIENT_FUNDS,2,POSITIVE,1
36939.84,MASTERCARD,TIMEOUT,1,POSITIVE,1
24323.5,UPI,FUNDS_UNAVAILABLE,1,NEGATIVE,0
19489.05,MASTERCARD,FRAUD_REVIEW,1,NEGATIVE,0
13630.79,AMEX,FUNDS_UNAVAILABLE,0,NEGATIVE,0
14174.09,VISA,FRAUD_REVIEW,3,NEUTRAL,0
17310.09,AMEX,FUNDS_UNAVAILABLE,4,POSITIVE,0
27727.23,MASTERCARD,INSUFFICIENT_FUNDS,3,NEGATIVE,0
49784.08,WALLET,FRAUD_REVIEW,3,NEUTRAL,1
21519.9,MASTERCARD,EXPIRED_CARD,2,NEUTRAL,0
44612.77,WALLET,FUNDS_UNAVAILABLE,4,POSITIVE,1
2402.36,UPI,DO_NOT_HONOR,3,NEGATIVE,0
40523.88,VISA,FRAUD_REVIEW,3,POSITIVE,0
37703.32,UPI,EXPIRED_CARD,1,NEUTRAL,1
32452.48,VISA,DO_NOT_HONOR,3,NEGATIVE,0
35224.56,WALLET,DO_NOT_HONOR,3,NEUTRAL,0
43735.11,UPI,FUNDS_UNAVAILABLE,2,NEGATIVE,0
31743.43,VISA,TIMEOUT,2,NEGATIVE,1
21409.93,AMEX,EXPIRED_CARD,0,NEGATIVE,0
36840.89,VISA,NETWORK_ERROR,0,POSITIVE,1
23374.57,VISA,NETWORK_ERROR,2,POSITIVE,1
35302.71,WALLET,EXPIRED_CARD,1,NEUTRAL,1
5855.17,UPI,EXPIRED_CARD,1,NEUTRAL,0
13514.42,UPI,INVALID_CARD,0,POSITIVE,1
22730.05,WALLET,INSUFFICIENT_FUNDS,3,NEGATIVE,0
41303.88,AMEX,FRAUD_REVIEW,4,NEUTRAL,0
47279.19,VISA,EXPIRED_CARD,3,POSITIVE,1
44917.7,AMEX,INSUFFICIENT_FUNDS,0,POSITIVE,1
34914.69,UPI,FUNDS_UNAVAILABLE,1,NEGATIVE,0
1329.98,UPI,FUNDS_UNAVAILABLE,3,NEUTRAL,0
36937.92,VISA,INVALID_CARD,1,POSITIVE,1
40139.06,WALLET,NETWORK_ERROR,3,NEGATIVE,0
32373.35,AMEX,FRAUD_REVIEW,4,NEGATIVE,0
42127.01,UPI,FRAUD_REVIEW,2,NEGATIVE,0
39509.54,MASTERCARD,INVALID_CARD,1,NEUTRAL,0
14549.69,VISA,FUNDS_UNAVAILABLE,2,NEUTRAL,1
8484.88,MASTERCARD,INVALID_CARD,1,POSITIVE,0
34704.39,MASTERCARD,FUNDS_UNAVAILABLE,1,POSITIVE,1
15967.97,MASTERCARD,FRAUD_REVIEW,2,NEUTRAL,0
28211.86,VISA,NETWORK_ERROR,2,POSITIVE,1
27085.36,MASTERCARD,INVALID_CARD,0,POSITIVE,1
25070.96,MASTERCARD,FRAUD_REVIEW,2,POSITIVE,1
36977.05,WALLET,NETWORK_ERROR,2,NEUTRAL,0
48486.36,WALLET,FUNDS_UNAVAILABLE,4,NEGATIVE,0
22216.86,VISA,FRAUD_REVIEW,0,POSITIVE,0
6020.43,VISA,TIMEOUT,4,POSITIVE,1
4805.56,VISA,EXPIRED_CARD,4,NEGATIVE,0
46796.12,AMEX,EXPIRED_CARD,0,POSITIVE,1
22383.81,VISA,TIMEOUT,1,NEUTRAL,1
30332.88,VISA,NETWORK_ERROR,3,POSITIVE,0
21496.5,UPI,NETWORK_ERROR,0,NEUTRAL,1
15542.65,UPI,INSUFFICIENT_FUNDS,1,NEGATIVE,0
37128.08,UPI,FRAUD_REVIEW,2,POSITIVE,0
48523.96,UPI,TIMEOUT,1,NEGATIVE,0
7353.24,AMEX,FRAUD_REVIEW,4,NEUTRAL,0
48012.75,UPI,INSUFFICIENT_FUNDS,0,NEUTRAL,0
13811.78,MASTERCARD,FRAUD_REVIEW,4,POSITIVE,0
41647.73,AMEX,FRAUD_REVIEW,0,NEUTRAL,0
15334.94,WALLET,FRAUD_REVIEW,1,POSITIVE,0
7870.39,AMEX,FRAUD_REVIEW,0,NEGATIVE,0
14526.91,MASTERCARD,FRAUD_REVIEW,1,POSITIVE,1
14005.41,VISA,NETWORK_ERROR,4,NEUTRAL,0
43443.63,UPI,INSUFFICIENT_FUNDS,2,NEGATIVE,0
1073.75,AMEX,FUNDS_UNAVAILABLE,4,POSITIVE,1
23159.99,MASTERCARD,NETWORK_ERROR,1,POSITIVE,1
21091.8,AMEX,DO_NOT_HONOR,2,NEUTRAL,1
46828.59,WALLET,EXPIRED_CARD,1,POSITIVE,0
8523.37,AMEX,NETWORK_ERROR,2,NEUTRAL,0
34479.66,VISA,NETWORK_ERROR,1,POSITIVE,1
14214.6,UPI,TIMEOUT,2,POSITIVE,1
7896.83,MASTERCARD,EXPIRED_CARD,4,NEGATIVE,0
47634.26,WALLET,INSUFFICIENT_FUNDS,3,NEUTRAL,0
6004.97,MASTERCARD,DO_NOT_HONOR,3,NEUTRAL,1
18255.91,UPI,NETWORK_ERROR,1,NEGATIVE,1
37274.12,VISA,EXPIRED_CARD,1,NEGATIVE,0
11483.41,MASTERCARD,EXPIRED_CARD,1,POSITIVE,1
38198.58,VISA,INSUFFICIENT_FUNDS,0,NEUTRAL,0
2317.34,VISA,DO_NOT_HONOR,4,NEGATIVE,1
6122.33,AMEX,DO_NOT_HONOR,0,NEUTRAL,1
37776.6,VISA,EXPIRED_CARD,4,POSITIVE,0
17706.38,VISA,FUNDS_UNAVAILABLE,2,NEGATIVE,0
8195.76,WALLET,EXPIRED_CARD,4,NEGATIVE,0
41015.41,VISA,EXPIRED_CARD,1,NEUTRAL,1
37750.09,VISA,INSUFFICIENT_FUNDS,1,NEGATIVE,0
23840.83,WALLET,FUNDS_UNAVAILABLE,3,NEGATIVE,0
9206.26,AMEX,TIMEOUT,3,POSITIVE,0
20497.38,AMEX,INSUFFICIENT_FUNDS,3,POSITIVE,0
24891.64,AMEX,INVALID_CARD,4,NEGATIVE,1
16540.15,VISA,TIMEOUT,2,NEUTRAL,0
15737.94,UPI,EXPIRED_CARD,4,NEUTRAL,0
42797.21,MASTERCARD,INSUFFICIENT_FUNDS,3,NEGATIVE,0
836.74,UPI,INSUFFICIENT_FUNDS,3,NEUTRAL,0
33890.63,VISA,FUNDS_UNAVAILABLE,3,NEUTRAL,0
48883.03,MASTERCARD,INSUFFICIENT_FUNDS,2,POSITIVE,1
29829.05,UPI,INSUFFICIENT_FUNDS,1,NEUTRAL,0
14070.21,WALLET,INVALID_CARD,3,NEUTRAL,0
30237.64,UPI,FRAUD_REVIEW,4,NEUTRAL,0
22840.81,VISA,INVALID_CARD,3,NEUTRAL,0
47131.67,VISA,INSUFFICIENT_FUNDS,0,POSITIVE,1
1532.09,MASTERCARD,TIMEOUT,4,NEGATIVE,0
15277.08,WALLET,INSUFFICIENT_FUNDS,0,NEGATIVE,0
38425.09,UPI,EXPIRED_CARD,2,NEGATIVE,0
25338.78,WALLET,NETWORK_ERROR,4,NEGATIVE,1
38245.45,UPI,INSUFFICIENT_FUNDS,3,NEUTRAL,0
18941.56,UPI,DO_NOT_HONOR,0,POSITIVE,1
43045.96,AMEX,FUNDS_UNAVAILABLE,3,NEUTRAL,1
35843.01,UPI,INSUFFICIENT_FUNDS,4,NEGATIVE,0
27778.44,WALLET,FRAUD_REVIEW,3,NEGATIVE,0
25432.92,UPI,INVALID_CARD,3,NEGATIVE,0
30923.6,AMEX,INVALID_CARD,2,POSITIVE,1
2446.9,AMEX,NETWORK_ERROR,4,POSITIVE,0
31332.62,UPI,INSUFFICIENT_FUNDS,3,NEUTRAL,0
20714.09,VISA,EXPIRED_CARD,1,POSITIVE,0
29708.08,VISA,INVALID_CARD,0,NEUTRAL,1
27013.16,VISA,FRAUD_REVIEW,3,NEGATIVE,0
21174.4,VISA,FRAUD_REVIEW,4,POSITIVE,0
19011.33,UPI,NETWORK_ERROR,4,POSITIVE,0
5182.82,MASTERCARD,NETWORK_ERROR,3,NEGATIVE,0
33435.9,MASTERCARD,INVALID_CARD,2,NEUTRAL,1
31845.12,VISA,EXPIRED_CARD,2,NEUTRAL,1
49812.14,UPI,EXPIRED_CARD,4,NEGATIVE,0
35941.8,WALLET,INSUFFICIENT_FUNDS,4,NEUTRAL,0
28408.13,WALLET,FRAUD_REVIEW,3,POSITIVE,0
4017.75,AMEX,INVALID_CARD,3,NEGATIVE,0
10163.83,UPI,INVALID_CARD,4,NEGATIVE,0
38219.42,MASTERCARD,DO_NOT_HONOR,4,POSITIVE,0
10805.05,UPI,INVALID_CARD,4,NEGATIVE,0
45360.42,WALLET,DO_NOT_HONOR,4,POSITIVE,1
7557.64,MASTERCARD,INVALID_CARD,3,NEUTRAL,0
41544.68,VISA,EXPIRED_CARD,3,NEUTRAL,0
32372.92,AMEX,EXPIRED_CARD,3,POSITIVE,1
9757.42,MASTERCARD,INVALID_CARD,3,NEUTRAL,0
21919.42,VISA,EXPIRED_CARD,1,NEUTRAL,1
13068.16,AMEX,FUNDS_UNAVAILABLE,0,NEGATIVE,0
1191.46,VISA,NETWORK_ERROR,4,NEUTRAL,0
45048.63,UPI,NETWORK_ERROR,0,NEUTRAL,0
36266.88,MASTERCARD,EXPIRED_CARD,0,NEGATIVE,0
46660.19,WALLET,INVALID_CARD,3,POSITIVE,0
6289.39,AMEX,NETWORK_ERROR,4,NEGATIVE,0
37469.04,MASTERCARD,TIMEOUT,1,POSITIVE,1
10862.61,AMEX,FRAUD_REVIEW,3,NEUTRAL,0
2985.09,WALLET,NETWORK_ERROR,0,NEUTRAL,1
23847.74,MASTERCARD,INVALID_CARD,1,NEUTRAL,0
18513.42,AMEX,DO_NOT_HONOR,4,POSITIVE,0
33178.73,VISA,EXPIRED_CARD,2,NEGATIVE,0
32019.66,AMEX,INSUFFICIENT_FUNDS,4,POSITIVE,0
19545.86,UPI,INVALID_CARD,2,POSITIVE,0
37882.06,AMEX,EXPIRED_CARD,1,NEUTRAL,0
43997.47,UPI,DO_NOT_HONOR,2,POSITIVE,0
47036.67,UPI,TIMEOUT,2,NEGATIVE,0
45943.6,VISA,FUNDS_UNAVAILABLE,2,NEGATIVE,1
21159.35,WALLET,NETWORK_ERROR,3,NEGATIVE,1
2794.52,MASTERCARD,FRAUD_REVIEW,1,POSITIVE,0
31489.15,AMEX,INSUFFICIENT_FUNDS,0,POSITIVE,1
35735.48,MASTERCARD,TIMEOUT,2,NEUTRAL,1
36811.57,AMEX,FUNDS_UNAVAILABLE,4,NEUTRAL,0
10093.45,UPI,NETWORK_ERROR,1,NEUTRAL,0
47248.91,WALLET,EXPIRED_CARD,0,POSITIVE,0
32425.91,MASTERCARD,INSUFFICIENT_FUNDS,3,POSITIVE,1
42621.18,VISA,TIMEOUT,4,NEUTRAL,0
7632.71,AMEX,FUNDS_UNAVAILABLE,4,POSITIVE,1
26386.72,UPI,FRAUD_REVIEW,0,POSITIVE,0
9689.1,AMEX,INVALID_CARD,3,NEUTRAL,0
42845.62,WALLET,EXPIRED_CARD,2,NEGATIVE,0
21032.88,UPI,FUNDS_UNAVAILABLE,0,NEUTRAL,0
11927.18,UPI,EXPIRED_CARD,2,NEGATIVE,0
23016.57,VISA,FRAUD_REVIEW,1,NEUTRAL,0
19998.22,MASTERCARD,TIMEOUT,3,NEGATIVE,0
3838.17,WALLET,DO_NOT_HONOR,0,NEUTRAL,0
23652.43,AMEX,DO_NOT_HONOR,0,NEUTRAL,1
19170.7,UPI,NETWORK_ERROR,1,NEGATIVE,1
9132.74,MASTERCARD,FRAUD_REVIEW,2,NEUTRAL,0
16002.41,WALLET,TIMEOUT,1,NEUTRAL,1
2399.28,MASTERCARD,FRAUD_REVIEW,2,NEGATIVE,0
21618.28,AMEX,INVALID_CARD,4,NEUTRAL,0
8416.19,UPI,FUNDS_UNAVAILABLE,4,NEGATIVE,0
22111.48,MASTERCARD,FUNDS_UNAVAILABLE,0,POSITIVE,1
23618.33,MASTERCARD,FRAUD_REVIEW,3,POSITIVE,0
46374.88,VISA,FRAUD_REVIEW,2,NEGATIVE,0
22996.43,VISA,FUNDS_UNAVAILABLE,0,NEUTRAL,1
43435.02,MASTERCARD,FUNDS_UNAVAILABLE,4,NEUTRAL,0
33224.26,MASTERCARD,DO_NOT_HONOR,4,NEGATIVE,0
46036.58,MASTERCARD,FRAUD_REVIEW,0,NEUTRAL,1
34129.35,VISA,TIMEOUT,2,NEGATIVE,0
5482.28,AMEX,FUNDS_UNAVAILABLE,0,POSITIVE,1
35443.79,UPI,FRAUD_REVIEW,2,NEGATIVE,0
16605.46,VISA,FRAUD_REVIEW,2,NEGATIVE,0
45362.54,WALLET,FUNDS_UNAVAILABLE,1,POSITIVE,0
14291.11,VISA,INSUFFICIENT_FUNDS,4,NEGATIVE,0
20063.15,MASTERCARD,EXPIRED_CARD,3,POSITIVE,1
10569.49,UPI,TIMEOUT,2,NEGATIVE,0
32772.4,VISA,INVALID_CARD,3,NEUTRAL,0
46100.65,WALLET,FUNDS_UNAVAILABLE,2,NEGATIVE,1
18499.35,MASTERCARD,FRAUD_REVIEW,3,NEUTRAL,0
28240.24,UPI,INSUFFICIENT_FUNDS,3,NEUTRAL,0
21818.47,UPI,INSUFFICIENT_FUNDS,0,NEGATIVE,1
23283.54,MASTERCARD,FUNDS_UNAVAILABLE,3,NEGATIVE,0
26328.95,AMEX,FRAUD_REVIEW,3,POSITIVE,0
23985.05,MASTERCARD,FUNDS_UNAVAILABLE,2,POSITIVE,1
14914.99,VISA,INSUFFICIENT_FUNDS,0,NEGATIVE,1
21360.69,VISA,FRAUD_REVIEW,4,NEUTRAL,0
29361.28,WALLET,DO_NOT_HONOR,0,NEGATIVE,0
9141.7,MASTERCARD,TIMEOUT,0,POSITIVE,1
35278.05,AMEX,FRAUD_REVIEW,3,NEGATIVE,0
17198.45,MASTERCARD,EXPIRED_CARD,1,POSITIVE,0
30281.83,VISA,TIMEOUT,4,POSITIVE,1
6010.58,MASTERCARD,FRAUD_REVIEW,3,NEGATIVE,0
32954.31,WALLET,FRAUD_REVIEW,2,NEGATIVE,0
30913.89,UPI,INVALID_CARD,0,POSITIVE,1
9701.94,VISA,EXPIRED_CARD,0,POSITIVE,1
7428.68,MASTERCARD,TIMEOUT,4,POSITIVE,1
38532.11,MASTERCARD,FRAUD_REVIEW,3,POSITIVE,0
45140.28,UPI,FRAUD_REVIEW,3,POSITIVE,0
29344.27,MASTERCARD,INVALID_CARD,4,NEUTRAL,0
592.14,UPI,TIMEOUT,3,NEGATIVE,0
36607.71,AMEX,DO_NOT_HONOR,3,NEUTRAL,0
29633.76,WALLET,FRAUD_REVIEW,1,NEGATIVE,0
1147.18,WALLET,NETWORK_ERROR,4,POSITIVE,1
32485.35,UPI,INSUFFICIENT_FUNDS,3,NEGATIVE,0
17468.85,UPI,DO_NOT_HONOR,1,NEUTRAL,0
23568.17,UPI,EXPIRED_CARD,4,POSITIVE,0
34311.71,WALLET,FRAUD_REVIEW,1,NEUTRAL,0
19640.49,UPI,NETWORK_ERROR,3,POSITIVE,0
14266.37,VISA,FRAUD_REVIEW,1,POSITIVE,1
30366.3,VISA,TIMEOUT,3,NEUTRAL,1
27930.16,VISA,NETWORK_ERROR,2,NEUTRAL,0
8900.8,WALLET,DO_NOT_HONOR,0,NEUTRAL,1
30954.63,VISA,EXPIRED_CARD,3,NEUTRAL,0
39287.31,VISA,INVALID_CARD,1,NEGATIVE,0
30293.62,VISA,DO_NOT_HONOR,3,NEUTRAL,0
37837.06,VISA,INSUFFICIENT_FUNDS,4,POSITIVE,0
8518.91,VISA,EXPIRED_CARD,2,POSITIVE,0
35466.54,WALLET,FRAUD_REVIEW,0,POSITIVE,0
16863.45,MASTERCARD,INSUFFICIENT_FUNDS,1,NEUTRAL,0
38507.12,VISA,EXPIRED_CARD,3,NEUTRAL,0
8728.84,AMEX,NETWORK_ERROR,3,NEUTRAL,0
12423.47,WALLET,TIMEOUT,1,POSITIVE,1
20787.79,UPI,FRAUD_REVIEW,4,NEGATIVE,0
1682.19,MASTERCARD,DO_NOT_HONOR,4,POSITIVE,1
15877.27,MASTERCARD,TIMEOUT,0,NEUTRAL,0
33076.77,MASTERCARD,DO_NOT_HONOR,4,NEUTRAL,0
44311.99,WALLET,INVALID_CARD,2,NEUTRAL,1
14133.08,WALLET,FUNDS_UNAVAILABLE,3,NEUTRAL,0
44401.47,WALLET,FRAUD_REVIEW,2,NEGATIVE,0
10025.33,AMEX,INSUFFICIENT_FUNDS,0,NEGATIVE,1
36309.91,MASTERCARD,INVALID_CARD,1,POSITIVE,1
15750.17,AMEX,FUNDS_UNAVAILABLE,0,POSITIVE,0
27088.65,AMEX,EXPIRED_CARD,2,NEGATIVE,0
25362.67,VISA,NETWORK_ERROR,2,NEGATIVE,0
6365.89,VISA,FRAUD_REVIEW,2,NEGATIVE,0
22766.73,MASTERCARD,EXPIRED_CARD,2,NEUTRAL,0
39282.51,WALLET,FUNDS_UNAVAILABLE,3,NEGATIVE,0
5440.3,WALLET,EXPIRED_CARD,2,NEUTRAL,1
35639.69,UPI,INSUFFICIENT_FUNDS,0,POSITIVE,1
6677.15,MASTERCARD,FRAUD_REVIEW,0,NEUTRAL,0
20257.13,WALLET,TIMEOUT,2,NEGATIVE,0
21286.43,UPI,FRAUD_REVIEW,3,POSITIVE,0
6530.77,UPI,FUNDS_UNAVAILABLE,4,NEGATIVE,0
10789.6,UPI,DO_NOT_HONOR,1,NEGATIVE,1
47600.72,WALLET,TIMEOUT,0,POSITIVE,1
14621.61,WALLET,FUNDS_UNAVAILABLE,0,NEUTRAL,1
18848.1,AMEX,FRAUD_REVIEW,0,POSITIVE,1
29563.29,VISA,INVALID_CARD,2,POSITIVE,1
37035.08,VISA,INSUFFICIENT_FUNDS,4,NEUTRAL,1
2425.19,UPI,INVALID_CARD,4,NEUTRAL,0
39111.2,UPI,FUNDS_UNAVAILABLE,1,NEGATIVE,0
38131.6,UPI,FUNDS_UNAVAILABLE,2,POSITIVE,0
33292.22,UPI,TIMEOUT,1,NEUTRAL,1
2481.82,UPI,INVALID_CARD,0,POSITIVE,0
28685.34,AMEX,INSUFFICIENT_FUNDS,4,POSITIVE,1
31011.46,WALLET,DO_NOT_HONOR,4,NEGATIVE,0
23896.62,VISA,INSUFFICIENT_FUNDS,4,POSITIVE,0
13893.13,MASTERCARD,EXPIRED_CARD,4,NEUTRAL,0
26770.48,AMEX,TIMEOUT,4,POSITIVE,0
46705.67,AMEX,TIMEOUT,1,NEUTRAL,1
26489.51,UPI,INVALID_CARD,0,POSITIVE,0
27180.61,AMEX,FUNDS_UNAVAILABLE,1,NEUTRAL,0
7880.52,UPI,FUNDS_UNAVAILABLE,0,NEGATIVE,0
9236.6,VISA,INVALID_CARD,3,POSITIVE,0
20758.58,AMEX,INVALID_CARD,3,POSITIVE,1
12133.22,WALLET,EXPIRED_CARD,3,NEGATIVE,0
19375.42,VISA,INVALID_CARD,0,NEUTRAL,0
20472.41,UPI,DO_NOT_HONOR,3,NEGATIVE,0
44330.56,AMEX,INSUFFICIENT_FUNDS,1,NEGATIVE,0
6453.45,WALLET,TIMEOUT,3,POSITIVE,0
25121.53,MASTERCARD,NETWORK_ERROR,4,POSITIVE,0
26969.27,UPI,FRAUD_REVIEW,0,POSITIVE,0
48063.5,WALLET,INVALID_CARD,1,POSITIVE,1
46106.17,AMEX,INVALID_CARD,3,NEUTRAL,0
10795.16,WALLET,INVALID_CARD,0,POSITIVE,0
28241.46,AMEX,INSUFFICIENT_FUNDS,3,NEGATIVE,0
7154.58,WALLET,INVALID_CARD,3,POSITIVE,0
47879.38,AMEX,NETWORK_ERROR,2,NEGATIVE,0
12447.23,AMEX,NETWORK_ERROR,1,NEUTRAL,0
16557.17,MASTERCARD,DO_NOT_HONOR,4,NEUTRAL,1
677.01,MASTERCARD,TIMEOUT,4,NEGATIVE,0
38170.77,WALLET,INSUFFICIENT_FUNDS,0,NEGATIVE,1
41637.78,UPI,INSUFFICIENT_FUNDS,2,NEUTRAL,0
18026.69,MASTERCARD,DO_NOT_HONOR,0,NEUTRAL,1
9810.94,VISA,EXPIRED_CARD,0,NEUTRAL,0
35518.05,MASTERCARD,INSUFFICIENT_FUNDS,4,NEGATIVE,0
35946.91,MASTERCARD,FRAUD_REVIEW,2,POSITIVE,0
45244.48,WALLET,EXPIRED_CARD,0,POSITIVE,0
31994.12,VISA,INVALID_CARD,4,NEGATIVE,0
27678.9,WALLET,FUNDS_UNAVAILABLE,0,NEGATIVE,1
3439.46,AMEX,EXPIRED_CARD,4,NEGATIVE,0
9754.21,VISA,INVALID_CARD,4,NEUTRAL,1
21470.3,VISA,NETWORK_ERROR,3,NEUTRAL,0
34072.64,UPI,FRAUD_REVIEW,2,NEGATIVE,0
44213.36,MASTERCARD,DO_NOT_HONOR,2,NEUTRAL,1
15948.85,UPI,EXPIRED_CARD,2,POSITIVE,0
40422.11,MASTERCARD,TIMEOUT,0,POSITIVE,1
16595.39,VISA,INSUFFICIENT_FUNDS,0,NEUTRAL,1
1396.37,AMEX,INVALID_CARD,1,POSITIVE,1
47948.37,VISA,NETWORK_ERROR,4,POSITIVE,0
38832.32,WALLET,FRAUD_REVIEW,0,NEGATIVE,0
6416.35,VISA,DO_NOT_HONOR,3,NEUTRAL,0
34729.51,MASTERCARD,DO_NOT_HONOR,3,POSITIVE,1
31384.02,VISA,INSUFFICIENT_FUNDS,0,NEGATIVE,1
42526.48,UPI,INSUFFICIENT_FUNDS,4,NEUTRAL,0
30058.88,WALLET,DO_NOT_HONOR,3,NEUTRAL,0
21519.67,WALLET,INSUFFICIENT_FUNDS,2,NEGATIVE,0
39189.87,UPI,NETWORK_ERROR,4,POSITIVE,1
811.97,VISA,EXPIRED_CARD,4,POSITIVE,0
12963.05,UPI,FRAUD_REVIEW,4,NEUTRAL,0
7056.1,VISA,DO_NOT_HONOR,1,NEUTRAL,1
25753.66,AMEX,INVALID_CARD,4,NEGATIVE,0
7540.97,AMEX,NETWORK_ERROR,2,NEUTRAL,0
25980.49,MASTERCARD,DO_NOT_HONOR,1,NEGATIVE,0
28060.61,VISA,TIMEOUT,2,POSITIVE,0
32099.63,MASTERCARD,INSUFFICIENT_FUNDS,2,POSITIVE,1
34800.12,UPI,NETWORK_ERROR,4,NEGATIVE,0
30881.94,UPI,NETWORK_ERROR,1,POSITIVE,1
39501.73,VISA,FRAUD_REVIEW,1,POSITIVE,0
34722.38,UPI,EXPIRED_CARD,1,NEUTRAL,0
47638.89,AMEX,TIMEOUT,1,NEUTRAL,1
49495.93,AMEX,DO_NOT_HONOR,0,NEUTRAL,1
5936.43,AMEX,FRAUD_REVIEW,1,NEGATIVE,0
38323.53,VISA,DO_NOT_HONOR,1,POSITIVE,1
11103.46,AMEX,FUNDS_UNAVAILABLE,2,NEGATIVE,1
9960.18,MASTERCARD,INVALID_CARD,0,POSITIVE,0
7034.73,VISA,NETWORK_ERROR,1,NEUTRAL,1
18608.1,AMEX,FUNDS_UNAVAILABLE,4,NEGATIVE,0
43943.71,VISA,INSUFFICIENT_FUNDS,1,POSITIVE,0
9745.73,UPI,NETWORK_ERROR,2,NEGATIVE,0
31879.92,VISA,EXPIRED_CARD,4,NEUTRAL,0
16518.49,VISA,INVALID_CARD,1,NEGATIVE,0
44314.55,MASTERCARD,INSUFFICIENT_FUNDS,3,NEGATIVE,0
8538.19,UPI,NETWORK_ERROR,3,NEGATIVE,0
16226.79,AMEX,FRAUD_REVIEW,3,NEUTRAL,0
20167.11,WALLET,DO_NOT_HONOR,1,POSITIVE,0
22713.59,MASTERCARD,TIMEOUT,1,NEUTRAL,1
18978.73,MASTERCARD,NETWORK_ERROR,2,NEGATIVE,1
37630.81,AMEX,FRAUD_REVIEW,4,NEUTRAL,0
2248.92,WALLET,NETWORK_ERROR,3,NEUTRAL,0
20565.85,UPI,NETWORK_ERROR,2,NEUTRAL,1
22196.09,AMEX,INSUFFICIENT_FUNDS,2,POSITIVE,1
25187.89,WALLET,INSUFFICIENT_FUNDS,2,POSITIVE,1
3753.16,VISA,EXPIRED_CARD,2,POSITIVE,0
12651.18,AMEX,EXPIRED_CARD,4,POSITIVE,0
37668.69,WALLET,INVALID_CARD,0,NEUTRAL,1
17462.29,UPI,TIMEOUT,4,NEGATIVE,1
32773.73,MASTERCARD,TIMEOUT,1,POSITIVE,1
10651.78,MASTERCARD,FRAUD_REVIEW,3,NEUTRAL,0
15791.13,MASTERCARD,TIMEOUT,3,POSITIVE,1
42676.62,VISA,NETWORK_ERROR,1,NEGATIVE,0
15417.48,VISA,FRAUD_REVIEW,2,NEUTRAL,0
21400.82,UPI,INVALID_CARD,2,NEGATIVE,1
39310.82,MASTERCARD,FUNDS_UNAVAILABLE,2,NEGATIVE,0
30229.54,WALLET,TIMEOUT,3,POSITIVE,0
3372.72,UPI,EXPIRED_CARD,3,POSITIVE,0
48104.52,AMEX,INSUFFICIENT_FUNDS,1,POSITIVE,1
9046.28,WALLET,FRAUD_REVIEW,0,POSITIVE,1
45585.0,UPI,INVALID_CARD,1,POSITIVE,1
26314.91,UPI,DO_NOT_HONOR,2,NEGATIVE,1
16473.25,UPI,TIMEOUT,1,POSITIVE,1
21036.98,VISA,TIMEOUT,1,POSITIVE,0
15625.91,UPI,FUNDS_UNAVAILABLE,4,NEGATIVE,0
29457.1,WALLET,FRAUD_REVIEW,2,POSITIVE,1
7306.06,VISA,TIMEOUT,4,POSITIVE,0
45533.07,UPI,FRAUD_REVIEW,3,NEGATIVE,1
4736.91,UPI,NETWORK_ERROR,2,NEUTRAL,0
40537.24,MASTERCARD,TIMEOUT,1,POSITIVE,0
36715.55,UPI,TIMEOUT,1,NEGATIVE,0
19798.86,VISA,EXPIRED_CARD,1,NEUTRAL,0
26979.33,VISA,EXPIRED_CARD,3,NEUTRAL,0
27730.63,AMEX,INSUFFICIENT_FUNDS,0,NEGATIVE,0
16435.45,UPI,FUNDS_UNAVAILABLE,2,POSITIVE,1
23215.94,VISA,FRAUD_REVIEW,3,NEUTRAL,0
42817.5,UPI,DO_NOT_HONOR,0,NEUTRAL,1
45873.42,AMEX,FRAUD_REVIEW,3,NEUTRAL,0
27511.74,MASTERCARD,FRAUD_REVIEW,1,NEUTRAL,0
42109.81,MASTERCARD,DO_NOT_HONOR,4,POSITIVE,1
6382.74,UPI,FUNDS_UNAVAILABLE,0,NEGATIVE,0
33933.68,MASTERCARD,FRAUD_REVIEW,2,POSITIVE,1
1915.35,WALLET,EXPIRED_CARD,3,NEGATIVE,1
31812.56,WALLET,INSUFFICIENT_FUNDS,3,NEGATIVE,0
2810.28,VISA,DO_NOT_HONOR,3,POSITIVE,0
18857.31,MASTERCARD,EXPIRED_CARD,0,POSITIVE,1
49466.67,AMEX,EXPIRED_CARD,0,POSITIVE,0
5010.84,MASTERCARD,FUNDS_UNAVAILABLE,0,NEUTRAL,1
40818.09,AMEX,EXPIRED_CARD,4,POSITIVE,0
19874.18,UPI,INSUFFICIENT_FUNDS,1,POSITIVE,1
16303.72,VISA,TIMEOUT,2,POSITIVE,1
23047.04,VISA,INVALID_CARD,4,NEUTRAL,1
44295.91,UPI,INVALID_CARD,4,NEUTRAL,0
5270.32,WALLET,FUNDS_UNAVAILABLE,2,POSITIVE,1
49074.51,UPI,FUNDS_UNAVAILABLE,2,POSITIVE,1
44221.56,AMEX,FRAUD_REVIEW,0,NEUTRAL,1
45622.74,UPI,TIMEOUT,4,NEGATIVE,0
25270.32,VISA,EXPIRED_CARD,0,NEGATIVE,0
6378.0,MASTERCARD,TIMEOUT,1,NEGATIVE,1
7050.26,UPI,INVALID_CARD,1,POSITIVE,1
32173.54,MASTERCARD,FRAUD_REVIEW,2,POSITIVE,0
32251.38,VISA,TIMEOUT,2,POSITIVE,1
36697.08,AMEX,EXPIRED_CARD,1,NEGATIVE,1
45900.37,MASTERCARD,EXPIRED_CARD,4,NEUTRAL,0
9340.56,VISA,INSUFFICIENT_FUNDS,3,POSITIVE,0
2794.92,MASTERCARD,EXPIRED_CARD,1,POSITIVE,1
27532.59,MASTERCARD,EXPIRED_CARD,4,POSITIVE,0
23460.3,MASTERCARD,EXPIRED_CARD,1,NEUTRAL,1
12598.68,AMEX,FRAUD_REVIEW,1,NEUTRAL,0
24162.3,AMEX,TIMEOUT,3,POSITIVE,0
21250.32,WALLET,TIMEOUT,1,NEUTRAL,1
19194.68,VISA,INVALID_CARD,4,NEGATIVE,0
36387.08,AMEX,TIMEOUT,3,NEUTRAL,0
18882.31,WALLET,FRAUD_REVIEW,0,NEUTRAL,1
23569.07,MASTERCARD,EXPIRED_CARD,0,POSITIVE,0
36572.36,AMEX,FRAUD_REVIEW,3,NEUTRAL,0
48530.53,AMEX,TIMEOUT,3,NEUTRAL,0
29497.79,UPI,DO_NOT_HONOR,0,NEUTRAL,0
8285.65,UPI,INVALID_CARD,2,NEGATIVE,0
31821.99,AMEX,DO_NOT_HONOR,3,NEUTRAL,0
12269.17,VISA,NETWORK_ERROR,0,NEGATIVE,0
7564.64,WALLET,FRAUD_REVIEW,1,NEUTRAL,0
29001.42,MASTERCARD,DO_NOT_HONOR,0,POSITIVE,1
45860.77,UPI,INSUFFICIENT_FUNDS,4,POSITIVE,0
8458.02,UPI,INVALID_CARD,2,NEGATIVE,0
32992.61,UPI,INVALID_CARD,3,NEGATIVE,0
5641.85,WALLET,NETWORK_ERROR,1,NEUTRAL,0
46514.84,UPI,INVALID_CARD,0,POSITIVE,0
278.61,VISA,TIMEOUT,4,NEUTRAL,0
36705.5,MASTERCARD,FUNDS_UNAVAILABLE,2,POSITIVE,0
10061.42,MASTERCARD,INSUFFICIENT_FUNDS,3,NEGATIVE,0
9444.77,VISA,FUNDS_UNAVAILABLE,1,NEUTRAL,0
43606.45,UPI,INSUFFICIENT_FUNDS,1,POSITIVE,1
19010.88,AMEX,INSUFFICIENT_FUNDS,2,POSITIVE,1
23999.28,VISA,DO_NOT_HONOR,0,NEUTRAL,0
559.89,WALLET,DO_NOT_HONOR,0,POSITIVE,1
561.65,WALLET,INVALID_CARD,3,NEUTRAL,0
30297.7,AMEX,NETWORK_ERROR,2,NEUTRAL,0
47061.35,UPI,TIMEOUT,4,POSITIVE,0
43679.26,VISA,DO_NOT_HONOR,3,NEGATIVE,0
41803.97,MASTERCARD,DO_NOT_HONOR,4,POSITIVE,0
14117.48,MASTERCARD,NETWORK_ERROR,3,NEGATIVE,0
43518.68,WALLET,TIMEOUT,1,POSITIVE,0
47885.85,AMEX,DO_NOT_HONOR,2,POSITIVE,0
36843.49,UPI,EXPIRED_CARD,4,NEUTRAL,0
30707.1,VISA,NETWORK_ERROR,3,NEUTRAL,0
42883.58,VISA,TIMEOUT,2,NEGATIVE,1
7329.44,WALLET,DO_NOT_HONOR,1,NEUTRAL,0
15207.15,WALLET,FRAUD_REVIEW,1,NEUTRAL,0
24211.99,WALLET,EXPIRED_CARD,1,POSITIVE,1
47221.65,VISA,INSUFFICIENT_FUNDS,3,NEGATIVE,1
46464.37,AMEX,TIMEOUT,2,POSITIVE,1
33363.45,VISA,FUNDS_UNAVAILABLE,4,NEGATIVE,0
4704.0,AMEX,EXPIRED_CARD,4,NEGATIVE,0
17292.64,UPI,TIMEOUT,1,POSITIVE,1
14690.63,VISA,INSUFFICIENT_FUNDS,2,NEGATIVE,0
9570.19,VISA,NETWORK_ERROR,1,NEUTRAL,0
28930.46,VISA,INVALID_CARD,0,NEGATIVE,0
42386.51,UPI,NETWORK_ERROR,2,NEGATIVE,0
6490.11,WALLET,EXPIRED_CARD,0,NEUTRAL,1
42647.63,AMEX,FUNDS_UNAVAILABLE,2,POSITIVE,1
22898.07,WALLET,INVALID_CARD,1,NEGATIVE,0
40104.33,VISA,NETWORK_ERROR,2,NEGATIVE,0
6348.51,WALLET,FRAUD_REVIEW,1,NEUTRAL,0
48331.49,VISA,NETWORK_ERROR,1,NEGATIVE,1
36686.37,MASTERCARD,DO_NOT_HONOR,1,NEUTRAL,0
15095.27,MASTERCARD,DO_NOT_HONOR,4,NEUTRAL,0
33959.35,AMEX,TIMEOUT,3,POSITIVE,0
14295.39,MASTERCARD,TIMEOUT,0,POSITIVE,1
39605.62,VISA,INVALID_CARD,3,NEGATIVE,0
7050.54,UPI,INVALID_CARD,1,POSITIVE,1
37469.45,VISA,NETWORK_ERROR,4,POSITIVE,0
49426.51,MASTERCARD,TIMEOUT,3,NEGATIVE,0
46314.07,VISA,NETWORK_ERROR,3,POSITIVE,0
6043.87,WALLET,NETWORK_ERROR,4,NEUTRAL,0
31423.23,UPI,EXPIRED_CARD,0,POSITIVE,1
24533.57,WALLET,FUNDS_UNAVAILABLE,3,NEGATIVE,0
33602.65,VISA,FRAUD_REVIEW,3,NEUTRAL,0
22366.89,VISA,INSUFFICIENT_FUNDS,0,POSITIVE,1
32142.18,WALLET,EXPIRED_CARD,0,NEGATIVE,0
28717.0,AMEX,INSUFFICIENT_FUNDS,4,POSITIVE,1
49997.72,UPI,INVALID_CARD,4,POSITIVE,1
3362.22,WALLET,FUNDS_UNAVAILABLE,3,NEGATIVE,1
27891.8,WALLET,FRAUD_REVIEW,0,NEGATIVE,0
27041.29,VISA,EXPIRED_CARD,0,POSITIVE,0
34821.75,VISA,FRAUD_REVIEW,2,POSITIVE,1
28839.04,MASTERCARD,INSUFFICIENT_FUNDS,4,NEUTRAL,0
1943.26,VISA,INVALID_CARD,2,NEGATIVE,0
48859.73,VISA,EXPIRED_CARD,2,POSITIVE,0
26068.26,AMEX,FRAUD_REVIEW,1,NEGATIVE,0
15784.22,AMEX,EXPIRED_CARD,0,NEGATIVE,0
12007.6,MASTERCARD,FUNDS_UNAVAILABLE,2,POSITIVE,0
30186.79,MASTERCARD,NETWORK_ERROR,2,POSITIVE,0
21216.35,WALLET,INVALID_CARD,2,NEUTRAL,0
8333.3,UPI,INSUFFICIENT_FUNDS,2,NEGATIVE,0
34786.87,WALLET,EXPIRED_CARD,0,NEGATIVE,0
49768.89,MASTERCARD,NETWORK_ERROR,4,NEGATIVE,0
25669.09,MASTERCARD,TIMEOUT,1,NEUTRAL,0
21794.63,VISA,EXPIRED_CARD,0,NEUTRAL,1
5677.51,WALLET,TIMEOUT,0,NEUTRAL,1
18268.41,AMEX,INVALID_CARD,1,POSITIVE,1
5077.75,MASTERCARD,TIMEOUT,0,POSITIVE,1
36470.71,AMEX,FRAUD_REVIEW,0,NEGATIVE,0
28693.47,AMEX,INVALID_CARD,4,POSITIVE,0
8703.22,UPI,FUNDS_UNAVAILABLE,2,NEGATIVE,0
39479.62,WALLET,TIMEOUT,3,NEGATIVE,0
672.97,WALLET,FUNDS_UNAVAILABLE,1,POSITIVE,1
36824.03,VISA,NETWORK_ERROR,1,NEGATIVE,0
35397.98,MASTERCARD,FRAUD_REVIEW,2,NEUTRAL,0
13935.98,UPI,EXPIRED_CARD,2,NEGATIVE,0
47383.24,UPI,NETWORK_ERROR,0,NEGATIVE,1
36551.66,VISA,FUNDS_UNAVAILABLE,4,POSITIVE,1
14435.37,UPI,DO_NOT_HONOR,3,NEGATIVE,0
36593.71,UPI,FRAUD_REVIEW,4,NEGATIVE,0
44426.41,VISA,TIMEOUT,0,NEGATIVE,1
41603.59,VISA,TIMEOUT,4,NEGATIVE,0
49712.25,WALLET,DO_NOT_HONOR,4,NEUTRAL,0
33791.2,WALLET,EXPIRED_CARD,1,POSITIVE,1
6839.28,AMEX,DO_NOT_HONOR,3,NEUTRAL,0
18789.53,VISA,NETWORK_ERROR,1,NEGATIVE,0
42918.75,AMEX,INVALID_CARD,3,NEUTRAL,0
311.27,WALLET,TIMEOUT,1,NEUTRAL,0
47964.92,WALLET,DO_NOT_HONOR,3,NEGATIVE,0
3063.34,VISA,FRAUD_REVIEW,2,NEUTRAL,0
456.69,MASTERCARD,TIMEOUT,2,POSITIVE,1
24703.9,VISA,FUNDS_UNAVAILABLE,3,POSITIVE,0
544.14,AMEX,EXPIRED_CARD,3,NEUTRAL,0
18351.89,MASTERCARD,INVALID_CARD,0,NEUTRAL,0
22079.96,MASTERCARD,NETWORK_ERROR,3,POSITIVE,1
43551.6,MASTERCARD,INSUFFICIENT_FUNDS,1,NEUTRAL,1
19848.39,AMEX,DO_NOT_HONOR,1,NEGATIVE,1
24068.89,AMEX,INSUFFICIENT_FUNDS,3,NEUTRAL,0
40031.04,MASTERCARD,NETWORK_ERROR,3,NEGATIVE,0
37146.28,UPI,FUNDS_UNAVAILABLE,0,POSITIVE,1
6480.95,AMEX,DO_NOT_HONOR,1,POSITIVE,1
17238.62,WALLET,DO_NOT_HONOR,3,NEUTRAL,1
24399.28,UPI,EXPIRED_CARD,4,POSITIVE,0
9505.64,AMEX,INSUFFICIENT_FUNDS,2,NEGATIVE,1
41066.35,MASTERCARD,FRAUD_REVIEW,0,NEGATIVE,0
30632.8,MASTERCARD,FUNDS_UNAVAILABLE,1,POSITIVE,1
2110.65,MASTERCARD,FUNDS_UNAVAILABLE,3,POSITIVE,0
4728.58,VISA,TIMEOUT,3,NEGATIVE,0
31738.84,MASTERCARD,EXPIRED_CARD,2,NEUTRAL,0
25591.21,VISA,INVALID_CARD,0,NEUTRAL,1
47161.34,UPI,EXPIRED_CARD,2,POSITIVE,1
226.69,AMEX,EXPIRED_CARD,2,NEUTRAL,0
30404.79,UPI,FUNDS_UNAVAILABLE,2,NEUTRAL,1
15356.96,VISA,DO_NOT_HONOR,4,POSITIVE,1
37116.35,AMEX,NETWORK_ERROR,1,NEGATIVE,1
29299.5,VISA,INSUFFICIENT_FUNDS,1,NEGATIVE,0
6193.65,WALLET,EXPIRED_CARD,1,NEGATIVE,0
5112.14,WALLET,NETWORK_ERROR,2,NEGATIVE,0
38097.2,WALLET,FUNDS_UNAVAILABLE,0,POSITIVE,1
27614.68,AMEX,NETWORK_ERROR,2,NEUTRAL,0
6047.96,UPI,INSUFFICIENT_FUNDS,3,NEUTRAL,0
47631.72,VISA,FUNDS_UNAVAILABLE,4,NEUTRAL,0
6620.92,VISA,DO_NOT_HONOR,1,NEGATIVE,0
24852.29,WALLET,INSUFFICIENT_FUNDS,1,NEUTRAL,0
19330.69,UPI,TIMEOUT,4,NEUTRAL,1
379.31,WALLET,EXPIRED_CARD,4,NEGATIVE,1
46445.64,WALLET,FRAUD_REVIEW,4,NEGATIVE,0
13089.96,MASTERCARD,INVALID_CARD,2,NEGATIVE,0
11351.69,WALLET,EXPIRED_CARD,2,POSITIVE,0
47113.89,AMEX,FUNDS_UNAVAILABLE,2,POSITIVE,1
12600.6,MASTERCARD,INSUFFICIENT_FUNDS,0,NEGATIVE,1
30336.94,AMEX,NETWORK_ERROR,0,NEGATIVE,0
13349.1,MASTERCARD,TIMEOUT,4,NEUTRAL,0
3051.72,VISA,NETWORK_ERROR,1,NEGATIVE,0
9001.41,VISA,INSUFFICIENT_FUNDS,3,NEGATIVE,0
31386.24,WALLET,EXPIRED_CARD,3,POSITIVE,0
10355.15,UPI,FUNDS_UNAVAILABLE,3,POSITIVE,0
21808.4,MASTERCARD,FRAUD_REVIEW,0,NEUTRAL,0
9414.4,MASTERCARD,EXPIRED_CARD,4,NEUTRAL,0
9184.25,AMEX,DO_NOT_HONOR,2,POSITIVE,0
40911.46,WALLET,EXPIRED_CARD,0,POSITIVE,1
12413.64,UPI,INSUFFICIENT_FUNDS,4,POSITIVE,0
40438.04,WALLET,INSUFFICIENT_FUNDS,3,NEUTRAL,1
41362.8,VISA,FUNDS_UNAVAILABLE,1,POSITIVE,1
46942.2,WALLET,DO_NOT_HONOR,0,POSITIVE,1
40949.12,VISA,EXPIRED_CARD,1,NEUTRAL,0
44641.04,MASTERCARD,INVALID_CARD,2,NEUTRAL,1
2982.6,AMEX,INSUFFICIENT_FUNDS,0,POSITIVE,1
14977.58,WALLET,TIMEOUT,1,POSITIVE,0
1395.24,UPI,TIMEOUT,1,NEUTRAL,0
11449.04,UPI,INSUFFICIENT_FUNDS,3,POSITIVE,0
11381.22,AMEX,NETWORK_ERROR,0,NEGATIVE,1
18152.58,VISA,DO_NOT_HONOR,4,POSITIVE,1
26617.94,WALLET,FUNDS_UNAVAILABLE,3,POSITIVE,0
34420.6,WALLET,INVALID_CARD,2,POSITIVE,1
25062.69,AMEX,INVALID_CARD,0,POSITIVE,0
48906.86,MASTERCARD,NETWORK_ERROR,1,NEUTRAL,1
39883.17,UPI,INSUFFICIENT_FUNDS,0,NEGATIVE,0
36390.04,MASTERCARD,INSUFFICIENT_FUNDS,2,POSITIVE,1
19373.87,AMEX,FRAUD_REVIEW,3,NEUTRAL,0
20814.43,AMEX,FUNDS_UNAVAILABLE,1,NEUTRAL,1
24955.69,WALLET,FRAUD_REVIEW,4,NEGATIVE,0
19354.44,WALLET,TIMEOUT,4,NEGATIVE,0
40602.35,MASTERCARD,INSUFFICIENT_FUNDS,1,NEUTRAL,1
49696.48,VISA,NETWORK_ERROR,4,NEUTRAL,0
46061.02,VISA,NETWORK_ERROR,2,POSITIVE,1
7378.18,WALLET,TIMEOUT,1,POSITIVE,1
2982.11,MASTERCARD,INSUFFICIENT_FUNDS,1,NEUTRAL,0
34866.9,UPI,NETWORK_ERROR,0,NEGATIVE,1
29164.03,UPI,FUNDS_UNAVAILABLE,0,POSITIVE,1
4133.87,VISA,DO_NOT_HONOR,4,NEUTRAL,1
9284.74,MASTERCARD,INVALID_CARD,3,NEUTRAL,0
22309.89,VISA,INVALID_CARD,0,POSITIVE,1
32194.22,WALLET,FUNDS_UNAVAILABLE,4,POSITIVE,1
41667.47,UPI,INVALID_CARD,4,NEGATIVE,0
11520.28,MASTERCARD,INVALID_CARD,0,NEGATIVE,0
47563.44,MASTERCARD,TIMEOUT,4,POSITIVE,1
9347.95,WALLET,INSUFFICIENT_FUNDS,3,NEUTRAL,0
32166.16,UPI,FUNDS_UNAVAILABLE,0,NEUTRAL,0
9897.58,VISA,INSUFFICIENT_FUNDS,0,NEUTRAL,1
42361.14,VISA,EXPIRED_CARD,2,POSITIVE,0
3452.89,WALLET,DO_NOT_HONOR,2,POSITIVE,1
31991.77,VISA,EXPIRED_CARD,2,POSITIVE,0
28326.88,WALLET,FRAUD_REVIEW,0,POSITIVE,1
47186.76,VISA,NETWORK_ERROR,2,NEUTRAL,1
15860.73,UPI,NETWORK_ERROR,1,NEGATIVE,0
16699.65,WALLET,INSUFFICIENT_FUNDS,4,POSITIVE,1
39844.25,UPI,DO_NOT_HONOR,2,POSITIVE,1
23262.69,VISA,EXPIRED_CARD,1,NEGATIVE,0
38487.52,MASTERCARD,NETWORK_ERROR,3,POSITIVE,1
18143.75,UPI,DO_NOT_HONOR,3,POSITIVE,1
30597.28,VISA,FUNDS_UNAVAILABLE,4,NEGATIVE,0
5050.82,VISA,FUNDS_UNAVAILABLE,2,NEGATIVE,0
39909.67,VISA,FRAUD_REVIEW,0,NEUTRAL,0
46715.99,MASTERCARD,INSUFFICIENT_FUNDS,2,NEGATIVE,0
4643.62,MASTERCARD,FRAUD_REVIEW,2,NEUTRAL,0
38204.69,UPI,FUNDS_UNAVAILABLE,0,NEGATIVE,0
18300.91,AMEX,TIMEOUT,3,NEGATIVE,0
6623.42,AMEX,NETWORK_ERROR,2,POSITIVE,1
25395.93,AMEX,DO_NOT_HONOR,4,NEGATIVE,1
39571.41,WALLET,DO_NOT_HONOR,1,POSITIVE,1
8078.65,UPI,INSUFFICIENT_FUNDS,1,NEUTRAL,0
33523.7,AMEX,FRAUD_REVIEW,3,NEGATIVE,0
40950.83,VISA,INSUFFICIENT_FUNDS,1,NEGATIVE,1
47985.5,UPI,TIMEOUT,1,NEUTRAL,1
16000.79,WALLET,FRAUD_REVIEW,1,NEGATIVE,0
5893.46,UPI,DO_NOT_HONOR,4,POSITIVE,0
7446.59,MASTERCARD,NETWORK_ERROR,4,POSITIVE,0
38755.44,VISA,NETWORK_ERROR,3,NEUTRAL,1
10732.35,VISA,TIMEOUT,2,NEUTRAL,0
4362.85,VISA,INVALID_CARD,3,POSITIVE,0
35667.89,UPI,EXPIRED_CARD,2,POSITIVE,0
4803.57,UPI,NETWORK_ERROR,2,POSITIVE,1
47108.69,UPI,FRAUD_REVIEW,4,NEGATIVE,0
48286.37,UPI,NETWORK_ERROR,4,NEUTRAL,0
28133.24,WALLET,EXPIRED_CARD,0,NEGATIVE,0
30902.32,AMEX,NETWORK_ERROR,0,POSITIVE,0
46704.21,UPI,NETWORK_ERROR,0,NEGATIVE,1
26130.45,VISA,FRAUD_REVIEW,1,NEGATIVE,0
48478.98,VISA,DO_NOT_HONOR,1,NEGATIVE,0
21124.77,WALLET,FUNDS_UNAVAILABLE,4,NEUTRAL,1
10646.2,MASTERCARD,DO_NOT_HONOR,2,NEUTRAL,1
44853.41,WALLET,INSUFFICIENT_FUNDS,3,NEGATIVE,0
20819.88,AMEX,NETWORK_ERROR,4,NEUTRAL,0
38301.04,VISA,FUNDS_UNAVAILABLE,3,NEUTRAL,0
27727.13,MASTERCARD,TIMEOUT,3,NEUTRAL,0
34489.82,UPI,INVALID_CARD,4,POSITIVE,0
40335.8,VISA,INSUFFICIENT_FUNDS,0,NEGATIVE,0
5363.03,WALLET,INSUFFICIENT_FUNDS,3,NEGATIVE,0
1825.25,AMEX,TIMEOUT,1,POSITIVE,1
27669.08,VISA,EXPIRED_CARD,3,POSITIVE,0
39728.81,UPI,TIMEOUT,3,POSITIVE,0
39153.36,WALLET,INVALID_CARD,2,NEGATIVE,0
41956.51,UPI,EXPIRED_CARD,0,NEUTRAL,1
1507.09,AMEX,NETWORK_ERROR,2,POSITIVE,0
49642.89,MASTERCARD,TIMEOUT,1,NEGATIVE,0
41461.78,WALLET,TIMEOUT,1,NEGATIVE,1
36460.01,UPI,NETWORK_ERROR,4,POSITIVE,1
5158.98,MASTERCARD,INSUFFICIENT_FUNDS,4,NEUTRAL,0
31440.46,AMEX,FUNDS_UNAVAILABLE,2,POSITIVE,1
1476.88,VISA,FUNDS_UNAVAILABLE,0,NEGATIVE,0
46045.6,VISA,TIMEOUT,0,NEGATIVE,0
49174.03,AMEX,FUNDS_UNAVAILABLE,1,NEGATIVE,0
14986.74,WALLET,EXPIRED_CARD,3,NEUTRAL,0
13893.25,MASTERCARD,DO_NOT_HONOR,4,POSITIVE,1
46374.51,VISA,INSUFFICIENT_FUNDS,1,NEUTRAL,1
9195.26,VISA,FRAUD_REVIEW,2,POSITIVE,0
24653.64,VISA,TIMEOUT,0,NEUTRAL,0
4000.37,UPI,TIMEOUT,2,NEGATIVE,0
40465.74,MASTERCARD,INVALID_CARD,0,POSITIVE,0
31634.43,VISA,INSUFFICIENT_FUNDS,2,NEUTRAL,0
30777.45,WALLET,DO_NOT_HONOR,1,NEGATIVE,0
46343.84,MASTERCARD,DO_NOT_HONOR,4,POSITIVE,1
38095.86,MASTERCARD,NETWORK_ERROR,0,POSITIVE,1
7100.54,VISA,FUNDS_UNAVAILABLE,2,NEUTRAL,1
47670.82,AMEX,INVALID_CARD,3,NEGATIVE,0
21915.89,UPI,EXPIRED_CARD,2,POSITIVE,1
42332.58,AMEX,TIMEOUT,0,NEGATIVE,0
29461.43,MASTERCARD,EXPIRED_CARD,3,NEUTRAL,0
21302.12,AMEX,NETWORK_ERROR,4,POSITIVE,0
21579.79,WALLET,NETWORK_ERROR,2,NEGATIVE,0
22580.29,VISA,INVALID_CARD,4,NEUTRAL,0
41368.98,WALLET,NETWORK_ERROR,3,POSITIVE,1
40490.22,UPI,FUNDS_UNAVAILABLE,2,POSITIVE,1
32916.34,AMEX,FUNDS_UNAVAILABLE,2,POSITIVE,1
34476.96,AMEX,EXPIRED_CARD,3,NEGATIVE,0
44957.45,WALLET,INSUFFICIENT_FUNDS,3,NEUTRAL,0
26457.67,VISA,INVALID_CARD,4,NEGATIVE,0
44654.67,UPI,TIMEOUT,2,NEUTRAL,1
2673.06,UPI,FRAUD_REVIEW,0,NEUTRAL,0
6379.82,MASTERCARD,NETWORK_ERROR,4,NEUTRAL,1
1259.18,VISA,DO_NOT_HONOR,3,NEUTRAL,1
48349.31,VISA,DO_NOT_HONOR,2,NEGATIVE,1
23600.69,UPI,INVALID_CARD,2,NEUTRAL,0
20137.15,WALLET,NETWORK_ERROR,3,NEGATIVE,1
15062.5,UPI,FRAUD_REVIEW,0,NEUTRAL,0
5316.63,MASTERCARD,DO_NOT_HONOR,0,POSITIVE,1
16278.38,UPI,EXPIRED_CARD,1,POSITIVE,1
45133.37,AMEX,DO_NOT_HONOR,0,NEUTRAL,0
2345.19,VISA,INVALID_CARD,0,NEUTRAL,1
30714.98,UPI,INVALID_CARD,1,POSITIVE,0
6171.09,AMEX,FUNDS_UNAVAILABLE,4,NEUTRAL,0
33478.12,WALLET,EXPIRED_CARD,4,NEUTRAL,0
48822.2,AMEX,FRAUD_REVIEW,1,POSITIVE,1
14952.46,VISA,NETWORK_ERROR,4,POSITIVE,0
36816.36,MASTERCARD,INSUFFICIENT_FUNDS,0,NEUTRAL,1
853.78,MASTERCARD,FRAUD_REVIEW,3,POSITIVE,0
17154.42,WALLET,NETWORK_ERROR,2,NEGATIVE,0
7869.15,WALLET,INSUFFICIENT_FUNDS,1,POSITIVE,0
19401.67,UPI,EXPIRED_CARD,3,POSITIVE,1
21270.08,AMEX,INSUFFICIENT_FUNDS,1,NEUTRAL,0
37302.29,MASTERCARD,DO_NOT_HONOR,3,POSITIVE,1
23916.77,WALLET,FRAUD_REVIEW,2,NEUTRAL,0
27605.15,AMEX,TIMEOUT,1,POSITIVE,1
21656.25,AMEX,DO_NOT_HONOR,3,NEUTRAL,0
2646.89,UPI,TIMEOUT,1,NEUTRAL,1
8996.93,AMEX,FRAUD_REVIEW,4,NEUTRAL,0
2683.6,MASTERCARD,INSUFFICIENT_FUNDS,1,POSITIVE,1
1977.26,AMEX,EXPIRED_CARD,0,NEGATIVE,1
11477.96,WALLET,TIMEOUT,3,NEUTRAL,1
36749.43,AMEX,FRAUD_REVIEW,1,POSITIVE,0
17512.13,AMEX,INVALID_CARD,0,POSITIVE,1
45407.57,WALLET,FRAUD_REVIEW,2,NEGATIVE,0
15892.6,VISA,FUNDS_UNAVAILABLE,1,NEUTRAL,0
7263.32,VISA,FRAUD_REVIEW,3,NEUTRAL,1
48723.67,VISA,FUNDS_UNAVAILABLE,0,NEGATIVE,1
23796.74,VISA,FRAUD_REVIEW,1,NEUTRAL,1
40982.54,WALLET,INVALID_CARD,1,NEGATIVE,0
37798.63,VISA,INSUFFICIENT_FUNDS,2,NEGATIVE,0
24634.96,AMEX,INVALID_CARD,3,NEUTRAL,0
875.34,AMEX,INVALID_CARD,2,NEGATIVE,0
42876.42,WALLET,FRAUD_REVIEW,0,NEUTRAL,0
36465.13,VISA,FUNDS_UNAVAILABLE,3,POSITIVE,0
7253.33,UPI,DO_NOT_HONOR,1,NEGATIVE,0
48669.87,AMEX,EXPIRED_CARD,0,POSITIVE,0
19013.36,VISA,INVALID_CARD,4,NEUTRAL,0
43829.42,MASTERCARD,INVALID_CARD,2,NEUTRAL,0
20981.26,AMEX,INVALID_CARD,1,POSITIVE,0
35151.41,WALLET,INSUFFICIENT_FUNDS,3,NEUTRAL,0
39667.77,AMEX,INVALID_CARD,0,POSITIVE,1
34339.23,UPI,FUNDS_UNAVAILABLE,4,NEUTRAL,0
33283.15,AMEX,FRAUD_REVIEW,2,POSITIVE,0
976.5,VISA,EXPIRED_CARD,2,NEGATIVE,0
24520.65,VISA,TIMEOUT,2,NEGATIVE,0
2685.12,MASTERCARD,NETWORK_ERROR,2,NEGATIVE,0
38490.49,MASTERCARD,INSUFFICIENT_FUNDS,2,POSITIVE,0
9997.03,WALLET,INSUFFICIENT_FUNDS,2,POSITIVE,1
46660.15,MASTERCARD,TIMEOUT,3,NEUTRAL,0
5087.31,AMEX,INVALID_CARD,4,NEUTRAL,0
21903.65,AMEX,FUNDS_UNAVAILABLE,1,NEUTRAL,1
27803.33,AMEX,INVALID_CARD,0,NEUTRAL,0
31490.28,WALLET,FUNDS_UNAVAILABLE,3,NEUTRAL,1
26423.26,AMEX,NETWORK_ERROR,3,NEUTRAL,0
21141.18,UPI,FRAUD_REVIEW,0,NEGATIVE,1
38385.13,VISA,FUNDS_UNAVAILABLE,4,NEUTRAL,0
29100.06,AMEX,FUNDS_UNAVAILABLE,4,NEGATIVE,0
43914.7,VISA,TIMEOUT,1,NEUTRAL,0
23247.83,WALLET,FRAUD_REVIEW,0,POSITIVE,1
41528.74,VISA,NETWORK_ERROR,4,POSITIVE,0
28359.08,AMEX,DO_NOT_HONOR,0,NEGATIVE,0
25638.88,VISA,EXPIRED_CARD,4,POSITIVE,0
48370.47,MASTERCARD,EXPIRED_CARD,1,NEUTRAL,0
36013.27,VISA,FRAUD_REVIEW,4,NEGATIVE,0
3543.67,MASTERCARD,INSUFFICIENT_FUNDS,4,POSITIVE,1
5359.63,VISA,FRAUD_REVIEW,3,POSITIVE,0
15136.2,UPI,FUNDS_UNAVAILABLE,1,NEGATIVE,1
30715.45,UPI,INSUFFICIENT_FUNDS,3,POSITIVE,0
9403.43,MASTERCARD,FUNDS_UNAVAILABLE,4,NEGATIVE,0
10177.48,UPI,INVALID_CARD,2,NEGATIVE,0
29520.44,AMEX,INVALID_CARD,3,NEUTRAL,0
5545.32,UPI,TIMEOUT,1,POSITIVE,1
6182.3,UPI,DO_NOT_HONOR,4,NEUTRAL,1
32591.03,WALLET,FRAUD_REVIEW,0,NEUTRAL,0
23501.77,UPI,INVALID_CARD,0,POSITIVE,1
42820.81,WALLET,EXPIRED_CARD,2,NEGATIVE,0
25749.65,MASTERCARD,FUNDS_UNAVAILABLE,2,NEGATIVE,0
17096.7,MASTERCARD,INVALID_CARD,2,NEUTRAL,1
41998.41,UPI,TIMEOUT,3,NEGATIVE,0
28886.74,WALLET,INVALID_CARD,1,NEGATIVE,0
47768.69,AMEX,TIMEOUT,0,POSITIVE,1
36697.3,MASTERCARD,INSUFFICIENT_FUNDS,0,NEUTRAL,0
23925.37,MASTERCARD,EXPIRED_CARD,0,POSITIVE,0
19327.36,UPI,INSUFFICIENT_FUNDS,0,NEGATIVE,1
2063.43,VISA,FRAUD_REVIEW,2,NEGATIVE,0
1667.08,MASTERCARD,NETWORK_ERROR,0,NEGATIVE,1
6834.19,WALLET,EXPIRED_CARD,1,NEUTRAL,0
34006.68,MASTERCARD,EXPIRED_CARD,1,NEUTRAL,0
40471.88,MASTERCARD,INSUFFICIENT_FUNDS,4,POSITIVE,0
33499.18,MASTERCARD,DO_NOT_HONOR,1,POSITIVE,1
20519.76,WALLET,INSUFFICIENT_FUNDS,2,POSITIVE,0
47895.63,WALLET,FRAUD_REVIEW,1,POSITIVE,0
23791.9,AMEX,NETWORK_ERROR,4,NEGATIVE,0
40119.48,UPI,TIMEOUT,3,POSITIVE,0
6534.18,WALLET,INVALID_CARD,0,POSITIVE,1
2763.65,WALLET,NETWORK_ERROR,0,POSITIVE,1
14636.84,AMEX,TIMEOUT,2,POSITIVE,0
8061.58,AMEX,INSUFFICIENT_FUNDS,4,NEGATIVE,0
25984.44,WALLET,INVALID_CARD,3,NEGATIVE,0
34936.39,VISA,FRAUD_REVIEW,2,NEGATIVE,1
17034.65,AMEX,EXPIRED_CARD,2,POSITIVE,1
27444.95,AMEX,DO_NOT_HONOR,1,NEUTRAL,1
47410.28,WALLET,DO_NOT_HONOR,2,POSITIVE,0
29987.75,WALLET,INSUFFICIENT_FUNDS,4,NEUTRAL,0
13671.32,VISA,INSUFFICIENT_FUNDS,0,NEUTRAL,1
32586.78,UPI,FRAUD_REVIEW,2,POSITIVE,1
2956.76,MASTERCARD,TIMEOUT,0,NEGATIVE,1
19478.81,UPI,FUNDS_UNAVAILABLE,3,NEGATIVE,0
7060.97,UPI,INSUFFICIENT_FUNDS,4,NEUTRAL,0
17287.66,VISA,EXPIRED_CARD,1,POSITIVE,0
11510.87,WALLET,DO_NOT_HONOR,0,NEGATIVE,1
3032.81,VISA,FUNDS_UNAVAILABLE,3,POSITIVE,1
15843.47,WALLET,EXPIRED_CARD,2,POSITIVE,0
24039.33,VISA,INSUFFICIENT_FUNDS,0,NEUTRAL,0
10451.88,AMEX,EXPIRED_CARD,3,NEGATIVE,0
18473.3,WALLET,INVALID_CARD,1,NEGATIVE,0
16079.18,WALLET,INSUFFICIENT_FUNDS,0,NEUTRAL,0
35333.98,WALLET,FRAUD_REVIEW,2,POSITIVE,1
7029.15,WALLET,EXPIRED_CARD,2,NEGATIVE,0
6312.85,MASTERCARD,DO_NOT_HONOR,1,NEGATIVE,1
38256.76,VISA,DO_NOT_HONOR,3,POSITIVE,1
29494.36,AMEX,INSUFFICIENT_FUNDS,0,NEUTRAL,0
19320.03,VISA,TIMEOUT,3,NEUTRAL,1
10445.36,MASTERCARD,TIMEOUT,4,POSITIVE,0
1759.04,AMEX,DO_NOT_HONOR,4,NEUTRAL,0
45390.99,WALLET,EXPIRED_CARD,0,NEUTRAL,0
31152.22,UPI,DO_NOT_HONOR,0,NEGATIVE,1
36120.59,AMEX,FRAUD_REVIEW,3,NEGATIVE,0
38496.82,AMEX,FUNDS_UNAVAILABLE,3,NEUTRAL,0
46248.12,MASTERCARD,DO_NOT_HONOR,2,NEGATIVE,0
4459.74,MASTERCARD,INVALID_CARD,2,NEGATIVE,0
30854.25,AMEX,INVALID_CARD,2,NEGATIVE,0
30478.36,VISA,INVALID_CARD,4,NEGATIVE,0
13372.97,MASTERCARD,FRAUD_REVIEW,3,POSITIVE,0
23428.69,AMEX,FRAUD_REVIEW,4,POSITIVE,0
29062.6,VISA,INVALID_CARD,4,NEGATIVE,0
3389.37,MASTERCARD,INVALID_CARD,2,NEUTRAL,0
6535.68,MASTERCARD,FUNDS_UNAVAILABLE,4,NEGATIVE,1
5899.44,VISA,FUNDS_UNAVAILABLE,4,NEUTRAL,0
2289.39,MASTERCARD,DO_NOT_HONOR,2,NEUTRAL,1
42277.56,AMEX,DO_NOT_HONOR,4,POSITIVE,1
4058.46,UPI,INSUFFICIENT_FUNDS,4,POSITIVE,1
16424.29,AMEX,TIMEOUT,0,NEGATIVE,1
14297.6,VISA,NETWORK_ERROR,4,NEUTRAL,0
20525.25,AMEX,FRAUD_REVIEW,2,NEGATIVE,1
18541.44,AMEX,FUNDS_UNAVAILABLE,4,POSITIVE,1
10731.69,AMEX,NETWORK_ERROR,1,NEUTRAL,0
1823.46,MASTERCARD,TIMEOUT,0,POSITIVE,0
49617.51,WALLET,TIMEOUT,4,NEGATIVE,0
43948.28,VISA,FRAUD_REVIEW,4,NEGATIVE,0
13605.3,WALLET,INVALID_CARD,1,NEUTRAL,1
38428.64,AMEX,EXPIRED_CARD,3,NEUTRAL,0
5947.76,MASTERCARD,FRAUD_REVIEW,3,NEUTRAL,0
28110.77,VISA,NETWORK_ERROR,3,NEGATIVE,0
39357.95,MASTERCARD,FUNDS_UNAVAILABLE,4,POSITIVE,0
20499.35,WALLET,FUNDS_UNAVAILABLE,4,NEUTRAL,0
17210.28,VISA,INSUFFICIENT_FUNDS,3,NEUTRAL,0
7590.25,UPI,EXPIRED_CARD,1,NEUTRAL,1
6215.28,AMEX,FRAUD_REVIEW,0,POSITIVE,0
41726.16,VISA,FUNDS_UNAVAILABLE,0,POSITIVE,1
26559.62,UPI,TIMEOUT,2,POSITIVE,1
27935.65,AMEX,INSUFFICIENT_FUNDS,2,NEUTRAL,0
30908.15,VISA,INSUFFICIENT_FUNDS,2,NEUTRAL,0
31615.43,UPI,INVALID_CARD,3,NEGATIVE,0
9335.85,WALLET,INSUFFICIENT_FUNDS,1,POSITIVE,1
18619.72,UPI,TIMEOUT,2,NEUTRAL,1
36182.15,AMEX,INSUFFICIENT_FUNDS,1,NEUTRAL,1
2604.74,WALLET,TIMEOUT,2,NEUTRAL,1
37913.55,MASTERCARD,DO_NOT_HONOR,1,NEUTRAL,1
28841.86,WALLET,NETWORK_ERROR,0,NEUTRAL,1
6103.84,AMEX,FRAUD_REVIEW,3,POSITIVE,0
14566.25,AMEX,INSUFFICIENT_FUNDS,1,NEGATIVE,1
4979.61,WALLET,FUNDS_UNAVAILABLE,0,NEGATIVE,0
48000.86,WALLET,EXPIRED_CARD,0,NEUTRAL,0
1483.71,MASTERCARD,INVALID_CARD,4,NEUTRAL,0
26140.52,UPI,INVALID_CARD,0,NEGATIVE,0
42268.26,UPI,TIMEOUT,3,NEUTRAL,1
7013.54,AMEX,INSUFFICIENT_FUNDS,2,POSITIVE,0
11277.6,VISA,NETWORK_ERROR,1,NEGATIVE,1
22782.51,WALLET,INSUFFICIENT_FUNDS,2,POSITIVE,1
46631.93,WALLET,NETWORK_ERROR,1,NEGATIVE,0
43903.16,VISA,DO_NOT_HONOR,1,POSITIVE,1
43631.32,MASTERCARD,EXPIRED_CARD,2,NEUTRAL,1
40730.67,UPI,INVALID_CARD,1,POSITIVE,0
4617.84,WALLET,EXPIRED_CARD,0,NEUTRAL,1
27975.31,MASTERCARD,FUNDS_UNAVAILABLE,0,NEUTRAL,0
30746.24,WALLET,EXPIRED_CARD,2,NEUTRAL,0
47725.89,AMEX,EXPIRED_CARD,2,NEGATIVE,0
39877.96,UPI,NETWORK_ERROR,4,NEUTRAL,0
11102.74,AMEX,TIMEOUT,3,NEUTRAL,1
21358.29,MASTERCARD,FRAUD_REVIEW,2,NEGATIVE,0
34909.04,MASTERCARD,FRAUD_REVIEW,3,NEGATIVE,0
11896.03,AMEX,INVALID_CARD,4,POSITIVE,0
39184.83,VISA,NETWORK_ERROR,2,NEGATIVE,1
19690.64,UPI,TIMEOUT,3,NEUTRAL,0
13562.2,MASTERCARD,NETWORK_ERROR,0,NEUTRAL,1
11221.24,MASTERCARD,EXPIRED_CARD,0,NEGATIVE,0
6634.92,WALLET,DO_NOT_HONOR,0,NEUTRAL,1
35295.58,AMEX,INSUFFICIENT_FUNDS,0,NEGATIVE,1
26866.54,MASTERCARD,TIMEOUT,1,NEUTRAL,0
45550.56,AMEX,TIMEOUT,1,NEGATIVE,0
47012.69,VISA,DO_NOT_HONOR,4,POSITIVE,1
39608.9,VISA,FUNDS_UNAVAILABLE,2,NEUTRAL,1
31651.46,MASTERCARD,DO_NOT_HONOR,2,NEGATIVE,1
39245.87,UPI,FUNDS_UNAVAILABLE,2,POSITIVE,1
25324.58,UPI,DO_NOT_HONOR,0,NEGATIVE,0
30322.62,MASTERCARD,INSUFFICIENT_FUNDS,4,NEUTRAL,1
30363.44,AMEX,NETWORK_ERROR,3,NEGATIVE,0
15247.27,UPI,EXPIRED_CARD,0,NEUTRAL,0
28894.82,UPI,INVALID_CARD,3,POSITIVE,0
20435.27,AMEX,FRAUD_REVIEW,2,NEGATIVE,0
12381.78,VISA,FRAUD_REVIEW,3,NEUTRAL,0
35786.02,UPI,EXPIRED_CARD,4,POSITIVE,0
11759.35,AMEX,FRAUD_REVIEW,4,POSITIVE,0
16755.29,VISA,INSUFFICIENT_FUNDS,4,POSITIVE,1
47116.25,WALLET,EXPIRED_CARD,0,POSITIVE,1
41935.91,WALLET,EXPIRED_CARD,0,NEUTRAL,1
15710.46,AMEX,FUNDS_UNAVAILABLE,0,NEUTRAL,0
30016.76,VISA,INVALID_CARD,1,NEGATIVE,0
27370.32,AMEX,EXPIRED_CARD,2,NEUTRAL,0
25818.67,VISA,INSUFFICIENT_FUNDS,3,NEGATIVE,0
6538.67,VISA,FUNDS_UNAVAILABLE,4,NEGATIVE,0
10028.91,VISA,DO_NOT_HONOR,3,NEUTRAL,1
40197.05,UPI,FUNDS_UNAVAILABLE,4,NEUTRAL,0
14978.2,UPI,INVALID_CARD,2,NEGATIVE,0
44499.35,WALLET,FUNDS_UNAVAILABLE,1,NEUTRAL,1
10382.2,WALLET,NETWORK_ERROR,4,NEGATIVE,0
23251.43,AMEX,FUNDS_UNAVAILABLE,1,NEGATIVE,0
23798.75,AMEX,TIMEOUT,1,POSITIVE,1
49666.85,VISA,INVALID_CARD,1,POSITIVE,0
26979.03,AMEX,INSUFFICIENT_FUNDS,0,NEGATIVE,0
7991.36,AMEX,EXPIRED_CARD,2,NEGATIVE,1
9793.51,AMEX,TIMEOUT,4,NEGATIVE,0
31300.15,UPI,INVALID_CARD,4,NEGATIVE,0
10288.89,WALLET,FUNDS_UNAVAILABLE,0,NEGATIVE,1
9080.6,WALLET,INSUFFICIENT_FUNDS,1,NEGATIVE,0
38349.51,AMEX,INVALID_CARD,4,NEGATIVE,0
10623.47,VISA,EXPIRED_CARD,1,POSITIVE,0
30823.2,MASTERCARD,FUNDS_UNAVAILABLE,3,POSITIVE,1
44818.48,VISA,FUNDS_UNAVAILABLE,4,NEUTRAL,0
23690.12,AMEX,INSUFFICIENT_FUNDS,1,NEGATIVE,0
38741.2,UPI,NETWORK_ERROR,2,NEGATIVE,1
4094.34,WALLET,EXPIRED_CARD,1,NEGATIVE,0
35625.11,UPI,FRAUD_REVIEW,3,NEGATIVE,0
34331.31,WALLET,TIMEOUT,2,POSITIVE,1
18411.22,UPI,NETWORK_ERROR,3,POSITIVE,0
43839.48,MASTERCARD,TIMEOUT,2,POSITIVE,0
49772.83,MASTERCARD,FRAUD_REVIEW,2,NEGATIVE,0
29392.18,AMEX,INSUFFICIENT_FUNDS,2,NEUTRAL,0
847.13,AMEX,DO_NOT_HONOR,2,NEGATIVE,0
2387.09,AMEX,INVALID_CARD,0,NEGATIVE,0
43186.63,UPI,FRAUD_REVIEW,3,POSITIVE,0
43771.85,WALLET,INSUFFICIENT_FUNDS,0,NEUTRAL,1
44734.4,MASTERCARD,FUNDS_UNAVAILABLE,1,POSITIVE,1
42321.0,VISA,FRAUD_REVIEW,0,NEUTRAL,1
27295.36,MASTERCARD,DO_NOT_HONOR,2,NEGATIVE,0
15960.72,MASTERCARD,NETWORK_ERROR,4,POSITIVE,0
20278.02,VISA,INSUFFICIENT_FUNDS,1,NEGATIVE,1
13478.47,MASTERCARD,FRAUD_REVIEW,0,NEUTRAL,0
34498.09,UPI,FUNDS_UNAVAILABLE,0,NEUTRAL,1
17664.1,AMEX,FRAUD_REVIEW,4,NEGATIVE,0
46527.59,VISA,INSUFFICIENT_FUNDS,0,POSITIVE,1
9445.81,WALLET,DO_NOT_HONOR,1,POSITIVE,1
18851.57,VISA,EXPIRED_CARD,2,NEGATIVE,0
45093.66,MASTERCARD,FUNDS_UNAVAILABLE,2,POSITIVE,1
14496.41,AMEX,FUNDS_UNAVAILABLE,4,NEUTRAL,0
41796.71,AMEX,EXPIRED_CARD,1,NEUTRAL,1
22092.0,VISA,FRAUD_REVIEW,2,NEGATIVE,0
38664.05,WALLET,FRAUD_REVIEW,1,POSITIVE,0
29344.1,MASTERCARD,EXPIRED_CARD,3,NEUTRAL,0
34164.48,AMEX,EXPIRED_CARD,2,NEGATIVE,0
27670.24,AMEX,INSUFFICIENT_FUNDS,4,POSITIVE,1
23490.87,VISA,INSUFFICIENT_FUNDS,4,NEGATIVE,0
23865.45,UPI,NETWORK_ERROR,2,NEGATIVE,0
29501.86,VISA,NETWORK_ERROR,0,NEGATIVE,1
45071.0,MASTERCARD,TIMEOUT,3,NEUTRAL,0
45168.4,MASTERCARD,NETWORK_ERROR,2,POSITIVE,1
9470.8,VISA,FRAUD_REVIEW,4,NEUTRAL,0
34786.02,UPI,FRAUD_REVIEW,1,NEUTRAL,0
30126.91,UPI,TIMEOUT,2,POSITIVE,0
43896.15,WALLET,INSUFFICIENT_FUNDS,3,NEUTRAL,0
47708.3,UPI,DO_NOT_HONOR,1,NEGATIVE,1
15169.02,WALLET,EXPIRED_CARD,4,POSITIVE,1
16790.73,VISA,INSUFFICIENT_FUNDS,2,POSITIVE,0
23043.93,MASTERCARD,FRAUD_REVIEW,0,NEGATIVE,0
44171.15,AMEX,INVALID_CARD,0,POSITIVE,1
10325.43,VISA,EXPIRED_CARD,1,NEGATIVE,0
38825.3,VISA,FRAUD_REVIEW,1,NEUTRAL,1
27581.49,UPI,EXPIRED_CARD,3,NEGATIVE,0
23281.5,MASTERCARD,INSUFFICIENT_FUNDS,3,POSITIVE,1
46776.07,UPI,NETWORK_ERROR,2,NEGATIVE,0
21344.7,UPI,INSUFFICIENT_FUNDS,2,NEUTRAL,0
48517.24,VISA,EXPIRED_CARD,4,POSITIVE,0
18582.8,AMEX,DO_NOT_HONOR,4,NEGATIVE,0
45746.38,MASTERCARD,FUNDS_UNAVAILABLE,3,POSITIVE,1
15236.51,VISA,NETWORK_ERROR,3,NEGATIVE,0
7707.23,AMEX,TIMEOUT,3,POSITIVE,1
47759.85,MASTERCARD,FUNDS_UNAVAILABLE,3,NEGATIVE,0
5500.24,VISA,NETWORK_ERROR,0,NEGATIVE,0
40216.8,VISA,FUNDS_UNAVAILABLE,2,POSITIVE,1
19322.72,UPI,DO_NOT_HONOR,3,NEGATIVE,0
20204.83,VISA,INVALID_CARD,3,NEUTRAL,0
5974.73,UPI,NETWORK_ERROR,3,NEGATIVE,0
26844.2,AMEX,INSUFFICIENT_FUNDS,1,NEUTRAL,1
19296.9,VISA,FUNDS_UNAVAILABLE,0,NEUTRAL,0
35436.72,AMEX,EXPIRED_CARD,4,NEGATIVE,0
22858.47,VISA,FRAUD_REVIEW,2,POSITIVE,1
24583.15,AMEX,DO_NOT_HONOR,4,NEGATIVE,0
21399.99,AMEX,DO_NOT_HONOR,4,NEUTRAL,1
17972.89,VISA,FRAUD_REVIEW,2,NEUTRAL,0
29869.79,AMEX,DO_NOT_HONOR,4,NEGATIVE,0
8926.64,WALLET,INSUFFICIENT_FUNDS,1,NEGATIVE,1
24773.82,AMEX,NETWORK_ERROR,3,NEGATIVE,0
45955.0,WALLET,FRAUD_REVIEW,0,POSITIVE,1
2106.71,WALLET,INSUFFICIENT_FUNDS,3,NEGATIVE,0
4122.49,AMEX,TIMEOUT,3,POSITIVE,1
37389.0,VISA,TIMEOUT,0,POSITIVE,1
49746.94,WALLET,EXPIRED_CARD,0,NEUTRAL,0
10917.42,UPI,INVALID_CARD,1,NEUTRAL,0
2477.96,UPI,FUNDS_UNAVAILABLE,2,NEUTRAL,1
10515.39,UPI,FUNDS_UNAVAILABLE,2,NEUTRAL,1
39554.86,AMEX,INSUFFICIENT_FUNDS,1,POSITIVE,1
16365.52,VISA,INVALID_CARD,4,NEUTRAL,0
31811.68,AMEX,TIMEOUT,3,NEGATIVE,1
17161.68,AMEX,FRAUD_REVIEW,1,NEUTRAL,0
25048.94,WALLET,FUNDS_UNAVAILABLE,3,NEUTRAL,0
33102.79,WALLET,INSUFFICIENT_FUNDS,3,NEGATIVE,0
4337.98,WALLET,NETWORK_ERROR,2,NEUTRAL,0
22684.66,UPI,DO_NOT_HONOR,1,NEGATIVE,0
31288.4,WALLET,TIMEOUT,3,POSITIVE,0
14337.61,UPI,EXPIRED_CARD,3,NEGATIVE,0
30434.66,VISA,INSUFFICIENT_FUNDS,3,POSITIVE,1
5709.51,AMEX,FUNDS_UNAVAILABLE,1,NEGATIVE,0
27593.5,AMEX,EXPIRED_CARD,3,NEGATIVE,0
38570.88,VISA,NETWORK_ERROR,4,NEGATIVE,0
11409.94,UPI,FRAUD_REVIEW,3,NEUTRAL,0
22582.91,MASTERCARD,TIMEOUT,2,POSITIVE,1
16835.93,UPI,FUNDS_UNAVAILABLE,0,NEUTRAL,1
21021.38,UPI,TIMEOUT,1,NEGATIVE,1
11364.79,WALLET,INSUFFICIENT_FUNDS,4,NEGATIVE,0
47285.35,AMEX,EXPIRED_CARD,1,NEGATIVE,0
34281.28,AMEX,DO_NOT_HONOR,4,NEGATIVE,0
25664.51,MASTERCARD,FUNDS_UNAVAILABLE,3,NEUTRAL,0
12117.9,UPI,EXPIRED_CARD,2,POSITIVE,1
44743.39,MASTERCARD,FRAUD_REVIEW,3,POSITIVE,0
22293.93,MASTERCARD,FUNDS_UNAVAILABLE,3,NEGATIVE,0
40223.61,AMEX,FUNDS_UNAVAILABLE,1,NEUTRAL,0
3678.15,VISA,TIMEOUT,4,NEUTRAL,0
3704.21,UPI,INVALID_CARD,4,POSITIVE,0
30427.45,WALLET,DO_NOT_HONOR,3,NEUTRAL,0
3177.36,UPI,DO_NOT_HONOR,2,NEUTRAL,0
25675.67,UPI,TIMEOUT,0,POSITIVE,1
13272.46,WALLET,INSUFFICIENT_FUNDS,1,NEUTRAL,1
17123.76,MASTERCARD,FRAUD_REVIEW,1,NEUTRAL,1
32173.37,VISA,FRAUD_REVIEW,3,POSITIVE,0
17253.66,UPI,NETWORK_ERROR,3,NEGATIVE,0
13909.89,VISA,FUNDS_UNAVAILABLE,1,NEGATIVE,1
11206.87,AMEX,NETWORK_ERROR,2,NEUTRAL,0
8083.46,AMEX,FRAUD_REVIEW,3,NEGATIVE,0
37237.91,MASTERCARD,FUNDS_UNAVAILABLE,4,NEUTRAL,0
13013.83,MASTERCARD,DO_NOT_HONOR,1,NEGATIVE,1
29294.89,AMEX,NETWORK_ERROR,4,NEGATIVE,0
25937.53,UPI,FUNDS_UNAVAILABLE,2,NEGATIVE,1
42660.0,AMEX,NETWORK_ERROR,3,NEUTRAL,0
43564.96,UPI,FUNDS_UNAVAILABLE,3,NEUTRAL,1
47358.02,AMEX,EXPIRED_CARD,2,POSITIVE,1
14060.11,VISA,EXPIRED_CARD,2,NEUTRAL,0
45652.58,VISA,EXPIRED_CARD,1,NEUTRAL,0
20044.86,VISA,NETWORK_ERROR,4,POSITIVE,1
48090.48,WALLET,INSUFFICIENT_FUNDS,0,NEUTRAL,1
12549.0,AMEX,FUNDS_UNAVAILABLE,1,POSITIVE,1
22912.09,VISA,INVALID_CARD,4,NEUTRAL,0
9662.71,VISA,FUNDS_UNAVAILABLE,4,NEUTRAL,1
11533.8,WALLET,FRAUD_REVIEW,3,POSITIVE,0
39114.35,AMEX,INSUFFICIENT_FUNDS,1,NEUTRAL,1
4352.63,MASTERCARD,INSUFFICIENT_FUNDS,4,NEGATIVE,0
24464.09,WALLET,DO_NOT_HONOR,4,NEUTRAL,0
5753.89,UPI,EXPIRED_CARD,4,NEGATIVE,0
22921.47,VISA,INVALID_CARD,3,NEGATIVE,0
31630.18,AMEX,FRAUD_REVIEW,4,NEUTRAL,0
15121.94,WALLET,EXPIRED_CARD,2,NEUTRAL,0
25252.5,UPI,INSUFFICIENT_FUNDS,1,NEUTRAL,1
44689.69,WALLET,FRAUD_REVIEW,3,POSITIVE,0
38069.8,AMEX,INSUFFICIENT_FUNDS,3,NEUTRAL,0
27021.79,MASTERCARD,EXPIRED_CARD,0,POSITIVE,1
25188.63,AMEX,FRAUD_REVIEW,0,NEGATIVE,0
30554.43,WALLET,FUNDS_UNAVAILABLE,2,POSITIVE,1
19932.75,MASTERCARD,FUNDS_UNAVAILABLE,4,NEGATIVE,0
47844.01,UPI,TIMEOUT,2,POSITIVE,0
23704.69,AMEX,NETWORK_ERROR,1,NEUTRAL,1
17825.89,AMEX,FRAUD_REVIEW,2,NEUTRAL,0
38182.22,VISA,TIMEOUT,0,NEUTRAL,1
40307.46,UPI,INVALID_CARD,0,NEGATIVE,0
33170.32,AMEX,INVALID_CARD,2,POSITIVE,1
39587.81,AMEX,EXPIRED_CARD,1,NEGATIVE,0
42848.89,VISA,INSUFFICIENT_FUNDS,1,POSITIVE,1
24088.2,WALLET,FRAUD_REVIEW,0,NEGATIVE,0
47994.64,UPI,EXPIRED_CARD,2,NEGATIVE,0
3153.98,VISA,NETWORK_ERROR,2,NEGATIVE,0
46195.58,VISA,FRAUD_REVIEW,1,NEGATIVE,0
48863.5,UPI,FUNDS_UNAVAILABLE,1,NEGATIVE,1
10159.72,VISA,FRAUD_REVIEW,1,NEUTRAL,0
38186.8,AMEX,INVALID_CARD,0,POSITIVE,0
3586.59,AMEX,NETWORK_ERROR,3,NEGATIVE,0
9370.17,UPI,EXPIRED_CARD,3,NEUTRAL,0
33947.91,AMEX,INVALID_CARD,4,NEGATIVE,0
7185.44,UPI,TIMEOUT,3,NEUTRAL,0
41617.39,VISA,NETWORK_ERROR,0,NEGATIVE,1
1797.78,WALLET,NETWORK_ERROR,4,NEUTRAL,1
16820.88,VISA,INSUFFICIENT_FUNDS,4,POSITIVE,0
39073.29,WALLET,FUNDS_UNAVAILABLE,4,POSITIVE,0
23528.65,MASTERCARD,INSUFFICIENT_FUNDS,3,NEUTRAL,0
44489.92,MASTERCARD,NETWORK_ERROR,0,POSITIVE,1
17122.52,WALLET,TIMEOUT,0,NEUTRAL,1
516.43,UPI,DO_NOT_HONOR,0,POSITIVE,1
7694.65,MASTERCARD,NETWORK_ERROR,4,NEUTRAL,0
10176.51,WALLET,NETWORK_ERROR,4,POSITIVE,1
7584.53,AMEX,FUNDS_UNAVAILABLE,0,POSITIVE,1
47235.84,VISA,FUNDS_UNAVAILABLE,4,NEUTRAL,0
16507.56,AMEX,EXPIRED_CARD,1,POSITIVE,1
21329.33,AMEX,EXPIRED_CARD,1,NEUTRAL,1
43906.35,UPI,INSUFFICIENT_FUNDS,3,POSITIVE,0
37248.33,MASTERCARD,TIMEOUT,0,NEUTRAL,1
10092.16,UPI,INSUFFICIENT_FUNDS,0,POSITIVE,1
28999.52,WALLET,INSUFFICIENT_FUNDS,1,POSITIVE,1
24557.6,WALLET,NETWORK_ERROR,2,NEUTRAL,1
49260.57,WALLET,NETWORK_ERROR,3,NEUTRAL,0
47255.86,VISA,DO_NOT_HONOR,3,NEUTRAL,0
42903.16,AMEX,NETWORK_ERROR,2,POSITIVE,1
42420.85,AMEX,EXPIRED_CARD,0,NEGATIVE,0
19606.37,UPI,DO_NOT_HONOR,2,NEGATIVE,0
16298.89,MASTERCARD,EXPIRED_CARD,1,NEGATIVE,1
26027.38,MASTERCARD,FRAUD_REVIEW,0,POSITIVE,0
10649.31,AMEX,NETWORK_ERROR,4,NEUTRAL,0
21078.11,MASTERCARD,FUNDS_UNAVAILABLE,1,NEUTRAL,0
5647.7,MASTERCARD,DO_NOT_HONOR,3,POSITIVE,1
31340.56,AMEX,NETWORK_ERROR,0,POSITIVE,1
44463.26,VISA,FUNDS_UNAVAILABLE,3,POSITIVE,0
38172.61,WALLET,FUNDS_UNAVAILABLE,1,POSITIVE,1
44880.0,VISA,TIMEOUT,0,POSITIVE,0
23328.78,UPI,FRAUD_REVIEW,1,NEGATIVE,0
235.94,UPI,FRAUD_REVIEW,2,POSITIVE,0
27091.31,WALLET,INSUFFICIENT_FUNDS,3,NEUTRAL,0
42628.03,MASTERCARD,FUNDS_UNAVAILABLE,1,NEGATIVE,1
47126.0,MASTERCARD,INSUFFICIENT_FUNDS,0,NEGATIVE,1
44368.51,VISA,EXPIRED_CARD,1,NEUTRAL,1
33036.59,AMEX,FRAUD_REVIEW,4,NEGATIVE,0
49384.62,AMEX,FUNDS_UNAVAILABLE,2,NEUTRAL,1
7432.01,VISA,TIMEOUT,0,POSITIVE,0
913.22,VISA,EXPIRED_CARD,1,NEUTRAL,1
28689.92,UPI,NETWORK_ERROR,1,NEGATIVE,0
48544.83,UPI,FRAUD_REVIEW,1,NEUTRAL,0
27384.8,VISA,INVALID_CARD,4,NEUTRAL,0
44647.84,AMEX,NETWORK_ERROR,3,NEGATIVE,0
5005.87,AMEX,INVALID_CARD,0,NEUTRAL,0
1465.62,WALLET,FUNDS_UNAVAILABLE,0,POSITIVE,0
41537.88,VISA,INVALID_CARD,1,NEUTRAL,1
21920.97,VISA,FUNDS_UNAVAILABLE,3,NEGATIVE,0
42032.64,MASTERCARD,DO_NOT_HONOR,1,NEGATIVE,0
26373.62,MASTERCARD,DO_NOT_HONOR,4,NEUTRAL,0
34746.0,WALLET,FUNDS_UNAVAILABLE,2,POSITIVE,1
8448.65,WALLET,EXPIRED_CARD,1,NEGATIVE,0
30561.34,MASTERCARD,INVALID_CARD,0,NEUTRAL,1
45067.64,UPI,FRAUD_REVIEW,3,NEUTRAL,0
46919.54,VISA,INSUFFICIENT_FUNDS,2,NEGATIVE,0
15717.95,WALLET,INSUFFICIENT_FUNDS,0,NEUTRAL,1
24150.42,MASTERCARD,EXPIRED_CARD,3,POSITIVE,0
19671.78,MASTERCARD,EXPIRED_CARD,2,POSITIVE,1
47462.69,MASTERCARD,TIMEOUT,0,NEGATIVE,0
47228.19,MASTERCARD,EXPIRED_CARD,3,POSITIVE,0
38077.11,VISA,INSUFFICIENT_FUNDS,4,NEUTRAL,0
38628.57,WALLET,FRAUD_REVIEW,1,NEGATIVE,0
41147.57,WALLET,FRAUD_REVIEW,1,POSITIVE,0
37761.66,AMEX,INVALID_CARD,0,NEUTRAL,0
12921.53,UPI,TIMEOUT,4,POSITIVE,0
34633.56,UPI,INVALID_CARD,1,NEGATIVE,1
49880.74,WALLET,NETWORK_ERROR,1,NEGATIVE,0
35139.63,UPI,TIMEOUT,0,NEGATIVE,1
38543.29,AMEX,INVALID_CARD,4,NEUTRAL,0
41847.55,AMEX,INSUFFICIENT_FUNDS,0,POSITIVE,1
24380.33,WALLET,FRAUD_REVIEW,1,NEGATIVE,0
13434.56,UPI,TIMEOUT,4,NEGATIVE,0
33444.34,VISA,INSUFFICIENT_FUNDS,4,NEGATIVE,0
28866.15,VISA,EXPIRED_CARD,2,NEGATIVE,0
45208.72,UPI,TIMEOUT,0,NEUTRAL,1
22124.21,UPI,DO_NOT_HONOR,3,NEGATIVE,0
21703.51,VISA,EXPIRED_CARD,4,POSITIVE,1
47308.3,VISA,INVALID_CARD,3,POSITIVE,0
42501.62,AMEX,NETWORK_ERROR,2,NEUTRAL,0
12585.31,UPI,DO_NOT_HONOR,2,NEUTRAL,0
31813.4,MASTERCARD,EXPIRED_CARD,4,NEGATIVE,0
37087.1,AMEX,FUNDS_UNAVAILABLE,3,POSITIVE,1
30896.86,MASTERCARD,NETWORK_ERROR,2,POSITIVE,0
4703.54,UPI,NETWORK_ERROR,4,NEUTRAL,0
37876.91,MASTERCARD,INVALID_CARD,3,NEUTRAL,0
22000.9,AMEX,FUNDS_UNAVAILABLE,1,NEUTRAL,1
9651.53,AMEX,INVALID_CARD,4,NEGATIVE,0
30999.85,VISA,EXPIRED_CARD,0,POSITIVE,0
45751.93,UPI,INVALID_CARD,1,NEGATIVE,0
17819.22,MASTERCARD,TIMEOUT,0,NEGATIVE,0
44395.06,AMEX,INSUFFICIENT_FUNDS,2,POSITIVE,1
2230.49,WALLET,FUNDS_UNAVAILABLE,2,POSITIVE,1
41695.75,MASTERCARD,EXPIRED_CARD,1,NEUTRAL,0
10955.21,VISA,INVALID_CARD,1,POSITIVE,0
24267.01,UPI,TIMEOUT,4,NEGATIVE,0
9773.51,MASTERCARD,TIMEOUT,4,NEUTRAL,0
35395.95,AMEX,INVALID_CARD,3,NEUTRAL,0
46290.19,MASTERCARD,NETWORK_ERROR,4,NEUTRAL,1
34721.31,AMEX,EXPIRED_CARD,4,NEGATIVE,0
49054.35,WALLET,FRAUD_REVIEW,4,NEUTRAL,0
41349.43,MASTERCARD,NETWORK_ERROR,4,POSITIVE,1
28798.11,VISA,FRAUD_REVIEW,4,NEUTRAL,0
21921.98,MASTERCARD,DO_NOT_HONOR,4,NEUTRAL,0
3065.78,AMEX,FRAUD_REVIEW,1,POSITIVE,0
3457.56,AMEX,INVALID_CARD,0,NEGATIVE,0
21655.34,MASTERCARD,TIMEOUT,1,NEGATIVE,0
27012.11,AMEX,NETWORK_ERROR,1,NEGATIVE,0
25496.16,UPI,FUNDS_UNAVAILABLE,4,NEGATIVE,0
43164.16,WALLET,DO_NOT_HONOR,2,NEGATIVE,1
48872.22,WALLET,INSUFFICIENT_FUNDS,4,NEUTRAL,0
36681.31,MASTERCARD,FUNDS_UNAVAILABLE,1,POSITIVE,1
24849.76,VISA,NETWORK_ERROR,0,POSITIVE,0
28785.34,UPI,TIMEOUT,3,NEGATIVE,0
42393.82,MASTERCARD,INSUFFICIENT_FUNDS,2,NEUTRAL,1
21631.97,AMEX,FRAUD_REVIEW,0,POSITIVE,1
10190.24,AMEX,INSUFFICIENT_FUNDS,2,NEUTRAL,0
26288.59,VISA,DO_NOT_HONOR,4,POSITIVE,0
4955.42,VISA,DO_NOT_HONOR,0,NEUTRAL,1
1577.15,WALLET,NETWORK_ERROR,0,POSITIVE,1
31119.45,MASTERCARD,EXPIRED_CARD,2,POSITIVE,0
45648.21,WALLET,NETWORK_ERROR,4,POSITIVE,0
35377.1,MASTERCARD,FUNDS_UNAVAILABLE,3,POSITIVE,0
46777.59,VISA,INVALID_CARD,2,POSITIVE,1
9184.75,WALLET,FUNDS_UNAVAILABLE,0,NEUTRAL,1
7931.58,WALLET,NETWORK_ERROR,3,NEGATIVE,0
19564.52,UPI,INSUFFICIENT_FUNDS,4,POSITIVE,1
18411.54,MASTERCARD,FRAUD_REVIEW,1,NEUTRAL,1
3119.48,UPI,INSUFFICIENT_FUNDS,4,POSITIVE,0
16163.54,WALLET,TIMEOUT,4,NEGATIVE,0
16151.76,UPI,EXPIRED_CARD,2,NEGATIVE,0
21869.91,VISA,FRAUD_REVIEW,0,NEUTRAL,1
28150.4,WALLET,TIMEOUT,2,NEUTRAL,0
38582.89,VISA,DO_NOT_HONOR,1,POSITIVE,1
29456.0,WALLET,FUNDS_UNAVAILABLE,2,NEGATIVE,1
1592.56,AMEX,TIMEOUT,1,NEUTRAL,0
2811.28,UPI,FUNDS_UNAVAILABLE,4,NEUTRAL,0
2427.09,MASTERCARD,INSUFFICIENT_FUNDS,3,POSITIVE,0
35678.05,VISA,EXPIRED_CARD,3,POSITIVE,0
30728.25,VISA,TIMEOUT,1,NEGATIVE,1
14664.0,MASTERCARD,NETWORK_ERROR,1,NEUTRAL,0
18714.83,UPI,DO_NOT_HONOR,1,POSITIVE,1
31163.83,AMEX,TIMEOUT,4,NEGATIVE,0
31384.28,MASTERCARD,INVALID_CARD,3,NEGATIVE,1
41213.04,UPI,INVALID_CARD,1,NEUTRAL,1
719.4,UPI,DO_NOT_HONOR,3,POSITIVE,0
11304.13,VISA,INSUFFICIENT_FUNDS,1,NEUTRAL,1
26939.6,MASTERCARD,INVALID_CARD,3,NEUTRAL,0
14378.3,WALLET,INVALID_CARD,0,POSITIVE,1
44302.86,MASTERCARD,INSUFFICIENT_FUNDS,4,NEUTRAL,1
26007.63,VISA,FRAUD_REVIEW,3,POSITIVE,0
2093.96,UPI,FUNDS_UNAVAILABLE,0,NEGATIVE,0
12239.24,WALLET,NETWORK_ERROR,3,NEGATIVE,0
29930.67,VISA,EXPIRED_CARD,1,NEGATIVE,0
28526.31,MASTERCARD,NETWORK_ERROR,2,POSITIVE,1
10192.34,VISA,TIMEOUT,3,POSITIVE,0
25378.61,MASTERCARD,FUNDS_UNAVAILABLE,1,NEUTRAL,0
22055.81,UPI,INSUFFICIENT_FUNDS,1,NEGATIVE,0
27931.29,MASTERCARD,NETWORK_ERROR,0,POSITIVE,1
20614.22,WALLET,DO_NOT_HONOR,4,NEGATIVE,0
46653.47,AMEX,DO_NOT_HONOR,1,POSITIVE,1
493.9,VISA,DO_NOT_HONOR,3,NEGATIVE,1
11381.0,VISA,INSUFFICIENT_FUNDS,0,NEGATIVE,0
23926.13,WALLET,TIMEOUT,2,NEGATIVE,0
22593.63,MASTERCARD,FRAUD_REVIEW,4,NEUTRAL,0
49401.28,UPI,FRAUD_REVIEW,1,NEUTRAL,0
18134.73,MASTERCARD,INVALID_CARD,1,NEUTRAL,0
44120.49,AMEX,DO_NOT_HONOR,3,NEUTRAL,1
23104.62,WALLET,EXPIRED_CARD,3,POSITIVE,0
17776.48,UPI,TIMEOUT,3,NEUTRAL,0
22305.87,UPI,FRAUD_REVIEW,2,NEUTRAL,0
20064.38,WALLET,EXPIRED_CARD,1,POSITIVE,0
28505.65,WALLET,NETWORK_ERROR,3,NEGATIVE,0
39645.5,AMEX,INVALID_CARD,1,NEUTRAL,1
5610.78,UPI,INVALID_CARD,4,NEUTRAL,0
11015.47,WALLET,FUNDS_UNAVAILABLE,3,NEGATIVE,0
47171.32,VISA,EXPIRED_CARD,3,NEGATIVE,0
13811.34,WALLET,FUNDS_UNAVAILABLE,3,NEGATIVE,0
10050.93,UPI,NETWORK_ERROR,3,POSITIVE,0
6701.64,UPI,NETWORK_ERROR,4,NEGATIVE,0
31478.66,VISA,INSUFFICIENT_FUNDS,0,POSITIVE,1
46024.56,VISA,NETWORK_ERROR,0,NEUTRAL,0
17963.48,MASTERCARD,EXPIRED_CARD,2,POSITIVE,1
45480.43,WALLET,FRAUD_REVIEW,3,NEUTRAL,0
14629.1,VISA,FUNDS_UNAVAILABLE,1,POSITIVE,1
26708.8,WALLET,TIMEOUT,1,NEGATIVE,0
23584.47,AMEX,EXPIRED_CARD,0,NEGATIVE,0
45477.4,VISA,DO_NOT_HONOR,1,NEUTRAL,1
23948.63,VISA,NETWORK_ERROR,3,NEGATIVE,0
22477.2,VISA,FRAUD_REVIEW,4,NEUTRAL,0
49393.2,AMEX,INSUFFICIENT_FUNDS,1,POSITIVE,1
33933.18,MASTERCARD,INSUFFICIENT_FUNDS,1,NEGATIVE,1
35628.13,VISA,NETWORK_ERROR,4,NEUTRAL,1
44574.18,UPI,FUNDS_UNAVAILABLE,2,NEUTRAL,1
14156.24,WALLET,DO_NOT_HONOR,3,NEUTRAL,0
2790.15,MASTERCARD,INVALID_CARD,2,NEUTRAL,0
17008.39,AMEX,FRAUD_REVIEW,0,NEUTRAL,0
6706.36,WALLET,DO_NOT_HONOR,4,POSITIVE,1
10142.19,UPI,TIMEOUT,3,POSITIVE,0
13660.13,UPI,NETWORK_ERROR,2,NEGATIVE,0
39249.19,UPI,NETWORK_ERROR,1,NEUTRAL,0
27708.66,UPI,INVALID_CARD,2,POSITIVE,0
45955.05,VISA,NETWORK_ERROR,4,POSITIVE,1
6600.59,VISA,EXPIRED_CARD,0,POSITIVE,1
7869.51,MASTERCARD,INSUFFICIENT_FUNDS,0,POSITIVE,1
36877.88,AMEX,INSUFFICIENT_FUNDS,1,NEGATIVE,0
43593.2,UPI,NETWORK_ERROR,0,NEGATIVE,1
35266.55,MASTERCARD,INSUFFICIENT_FUNDS,1,POSITIVE,1
4760.98,UPI,EXPIRED_CARD,1,POSITIVE,0
19467.67,WALLET,EXPIRED_CARD,3,POSITIVE,0
24865.96,MASTERCARD,FRAUD_REVIEW,2,NEGATIVE,0
43277.41,VISA,FRAUD_REVIEW,1,NEGATIVE,1
8957.38,MASTERCARD,INVALID_CARD,1,NEGATIVE,0
9629.41,VISA,INSUFFICIENT_FUNDS,1,POSITIVE,0
37863.05,MASTERCARD,FUNDS_UNAVAILABLE,3,NEGATIVE,0
14976.63,UPI,INVALID_CARD,1,NEUTRAL,1
17369.0,MASTERCARD,DO_NOT_HONOR,2,NEUTRAL,0
3419.74,VISA,FRAUD_REVIEW,2,NEGATIVE,0
37831.38,UPI,INSUFFICIENT_FUNDS,3,POSITIVE,0
33790.16,AMEX,NETWORK_ERROR,4,NEGATIVE,0
28546.22,AMEX,FRAUD_REVIEW,2,NEGATIVE,0
18648.08,AMEX,FRAUD_REVIEW,2,NEGATIVE,0
9676.2,WALLET,FUNDS_UNAVAILABLE,0,NEGATIVE,1
23354.25,UPI,NETWORK_ERROR,3,NEUTRAL,0
23326.75,MASTERCARD,FUNDS_UNAVAILABLE,3,NEUTRAL,0
43693.42,AMEX,TIMEOUT,1,NEUTRAL,1
21832.19,MASTERCARD,FUNDS_UNAVAILABLE,4,POSITIVE,1
1016.19,UPI,FUNDS_UNAVAILABLE,2,NEUTRAL,1
24966.66,MASTERCARD,INVALID_CARD,4,NEUTRAL,0
24429.43,UPI,TIMEOUT,3,POSITIVE,0
33356.3,AMEX,INSUFFICIENT_FUNDS,0,NEUTRAL,0
30469.32,MASTERCARD,EXPIRED_CARD,4,NEUTRAL,0
20934.0,VISA,INVALID_CARD,1,NEUTRAL,0
34266.07,UPI,INSUFFICIENT_FUNDS,4,POSITIVE,0
17186.64,AMEX,FUNDS_UNAVAILABLE,2,NEGATIVE,0
3343.62,UPI,NETWORK_ERROR,3,POSITIVE,1
16444.79,MASTERCARD,NETWORK_ERROR,3,NEUTRAL,0
28945.55,AMEX,EXPIRED_CARD,1,NEUTRAL,0
28699.29,MASTERCARD,EXPIRED_CARD,1,NEUTRAL,0
44549.74,AMEX,INSUFFICIENT_FUNDS,3,POSITIVE,0
4249.12,UPI,FRAUD_REVIEW,4,NEGATIVE,0
22584.35,MASTERCARD,INVALID_CARD,1,NEUTRAL,0
3139.26,MASTERCARD,EXPIRED_CARD,0,NEUTRAL,1
31108.5,WALLET,FUNDS_UNAVAILABLE,2,NEUTRAL,0
15845.58,WALLET,EXPIRED_CARD,1,NEGATIVE,0
14921.85,VISA,EXPIRED_CARD,4,NEGATIVE,0
39577.32,UPI,DO_NOT_HONOR,2,NEUTRAL,1
14945.95,VISA,TIMEOUT,0,NEUTRAL,1
45508.37,MASTERCARD,FRAUD_REVIEW,3,NEGATIVE,0
22318.14,AMEX,INSUFFICIENT_FUNDS,2,NEUTRAL,1
35373.58,UPI,INVALID_CARD,1,NEGATIVE,0
47814.06,VISA,DO_NOT_HONOR,2,NEGATIVE,0
7259.29,UPI,DO_NOT_HONOR,3,NEGATIVE,0
9064.32,WALLET,DO_NOT_HONOR,2,NEUTRAL,1
28512.78,WALLET,DO_NOT_HONOR,1,NEUTRAL,1
3581.15,MASTERCARD,INSUFFICIENT_FUNDS,4,POSITIVE,0
11903.68,AMEX,NETWORK_ERROR,2,POSITIVE,1
37592.36,UPI,TIMEOUT,4,POSITIVE,0
32162.57,UPI,FUNDS_UNAVAILABLE,4,POSITIVE,0
22535.21,VISA,INVALID_CARD,1,POSITIVE,1
34239.39,VISA,DO_NOT_HONOR,1,NEUTRAL,1
11106.25,MASTERCARD,FUNDS_UNAVAILABLE,1,NEGATIVE,1
19498.76,UPI,DO_NOT_HONOR,4,NEUTRAL,0
33548.18,UPI,INSUFFICIENT_FUNDS,0,POSITIVE,1
10600.06,WALLET,FRAUD_REVIEW,0,NEUTRAL,0
29162.84,AMEX,FUNDS_UNAVAILABLE,3,POSITIVE,1
566.03,WALLET,INVALID_CARD,2,NEGATIVE,0
19543.31,MASTERCARD,INVALID_CARD,2,POSITIVE,1
13165.02,VISA,INVALID_CARD,3,POSITIVE,0
48393.19,WALLET,TIMEOUT,1,POSITIVE,1
19495.11,VISA,EXPIRED_CARD,1,NEGATIVE,0
15070.77,MASTERCARD,INVALID_CARD,2,NEUTRAL,1
31380.66,WALLET,INVALID_CARD,1,NEGATIVE,1
815.54,MASTERCARD,NETWORK_ERROR,1,NEUTRAL,0
19550.87,AMEX,FRAUD_REVIEW,3,NEGATIVE,0
46056.78,UPI,INVALID_CARD,1,POSITIVE,0
44243.74,VISA,DO_NOT_HONOR,0,NEUTRAL,0
15311.64,UPI,FUNDS_UNAVAILABLE,0,POSITIVE,1
32359.45,UPI,NETWORK_ERROR,0,NEUTRAL,1
1315.25,VISA,INSUFFICIENT_FUNDS,2,POSITIVE,1
46520.26,MASTERCARD,INSUFFICIENT_FUNDS,0,NEUTRAL,1
5806.82,MASTERCARD,FRAUD_REVIEW,4,NEGATIVE,0
13649.33,WALLET,FRAUD_REVIEW,0,NEGATIVE,0
10930.68,UPI,TIMEOUT,0,POSITIVE,1
41556.47,UPI,FUNDS_UNAVAILABLE,0,NEGATIVE,0
32899.18,AMEX,INVALID_CARD,3,POSITIVE,0
1415.76,AMEX,EXPIRED_CARD,1,NEGATIVE,0
297.04,VISA,TIMEOUT,4,NEGATIVE,0
11729.74,VISA,INVALID_CARD,2,POSITIVE,0
22921.62,UPI,FUNDS_UNAVAILABLE,2,NEGATIVE,0
36364.69,WALLET,FUNDS_UNAVAILABLE,2,NEGATIVE,0
20468.68,WALLET,TIMEOUT,2,NEUTRAL,0
38412.2,MASTERCARD,FRAUD_REVIEW,4,NEUTRAL,0
21699.22,WALLET,INVALID_CARD,1,NEUTRAL,0
32344.11,UPI,FUNDS_UNAVAILABLE,0,NEUTRAL,1
43013.63,MASTERCARD,NETWORK_ERROR,4,NEGATIVE,0
8139.51,WALLET,FUNDS_UNAVAILABLE,1,NEGATIVE,1
41207.48,VISA,DO_NOT_HONOR,4,POSITIVE,0
12884.91,WALLET,FUNDS_UNAVAILABLE,1,NEGATIVE,0
16878.01,VISA,NETWORK_ERROR,2,NEGATIVE,0
26251.43,UPI,EXPIRED_CARD,4,NEUTRAL,0
34452.49,VISA,EXPIRED_CARD,3,POSITIVE,0
44782.67,MASTERCARD,DO_NOT_HONOR,4,POSITIVE,1
45809.02,AMEX,EXPIRED_CARD,3,NEUTRAL,0
27189.95,VISA,EXPIRED_CARD,0,POSITIVE,1
6229.56,MASTERCARD,INSUFFICIENT_FUNDS,0,NEUTRAL,1
6123.86,AMEX,TIMEOUT,0,NEGATIVE,0
17289.85,AMEX,EXPIRED_CARD,2,NEUTRAL,0
45993.87,WALLET,DO_NOT_HONOR,3,POSITIVE,1
17704.55,AMEX,FRAUD_REVIEW,3,NEGATIVE,0
21250.54,WALLET,NETWORK_ERROR,3,POSITIVE,1
48145.86,VISA,FRAUD_REVIEW,2,NEGATIVE,0
12420.4,VISA,FRAUD_REVIEW,3,NEGATIVE,0
30259.71,UPI,DO_NOT_HONOR,2,NEUTRAL,1
35261.2,UPI,EXPIRED_CARD,4,NEUTRAL,0
34254.42,WALLET,DO_NOT_HONOR,4,NEUTRAL,1
9225.42,AMEX,TIMEOUT,4,NEGATIVE,0
12809.57,VISA,FRAUD_REVIEW,1,NEUTRAL,0
8304.76,AMEX,NETWORK_ERROR,3,POSITIVE,0
48434.53,VISA,EXPIRED_CARD,3,NEUTRAL,0
19487.72,MASTERCARD,TIMEOUT,0,NEUTRAL,1
17135.51,WALLET,FRAUD_REVIEW,1,NEGATIVE,0
35098.85,VISA,INSUFFICIENT_FUNDS,1,POSITIVE,1
48944.09,WALLET,DO_NOT_HONOR,3,NEUTRAL,0
35006.28,VISA,NETWORK_ERROR,4,POSITIVE,1
1870.14,UPI,TIMEOUT,0,POSITIVE,1
43913.5,AMEX,FRAUD_REVIEW,3,NEGATIVE,0
45349.49,MASTERCARD,INSUFFICIENT_FUNDS,0,POSITIVE,1
9502.18,MASTERCARD,FRAUD_REVIEW,4,NEUTRAL,0
23998.41,MASTERCARD,TIMEOUT,0,NEGATIVE,1
10281.87,AMEX,FUNDS_UNAVAILABLE,3,POSITIVE,1
25607.76,VISA,INSUFFICIENT_FUNDS,4,NEGATIVE,0
26619.86,AMEX,FUNDS_UNAVAILABLE,2,POSITIVE,0
40101.02,MASTERCARD,FRAUD_REVIEW,3,NEUTRAL,0
8786.41,WALLET,INSUFFICIENT_FUNDS,1,NEGATIVE,1
25591.42,VISA,FRAUD_REVIEW,4,POSITIVE,0
12503.98,UPI,NETWORK_ERROR,1,NEUTRAL,1
37668.07,VISA,NETWORK_ERROR,3,POSITIVE,1
36379.46,AMEX,TIMEOUT,3,NEGATIVE,0
11391.11,MASTERCARD,FRAUD_REVIEW,4,NEGATIVE,0
32372.84,MASTERCARD,EXPIRED_CARD,4,NEGATIVE,0
38700.34,UPI,DO_NOT_HONOR,3,POSITIVE,0
35282.82,MASTERCARD,DO_NOT_HONOR,2,NEUTRAL,1
23332.45,AMEX,INVALID_CARD,4,NEGATIVE,0
15545.46,UPI,FRAUD_REVIEW,3,NEGATIVE,0
28097.35,WALLET,FUNDS_UNAVAILABLE,3,NEUTRAL,1
24585.84,AMEX,INSUFFICIENT_FUNDS,2,NEGATIVE,1
13708.31,AMEX,EXPIRED_CARD,2,NEUTRAL,0
28387.54,AMEX,INVALID_CARD,1,NEUTRAL,0
20694.65,AMEX,TIMEOUT,1,NEGATIVE,0
7136.03,AMEX,EXPIRED_CARD,2,NEGATIVE,0
16192.9,UPI,FUNDS_UNAVAILABLE,0,NEGATIVE,0
14714.76,MASTERCARD,EXPIRED_CARD,4,NEGATIVE,0
9317.28,UPI,NETWORK_ERROR,1,NEUTRAL,1
13682.88,WALLET,FRAUD_REVIEW,4,NEUTRAL,0
30377.99,AMEX,INSUFFICIENT_FUNDS,3,NEGATIVE,0
362.7,MASTERCARD,INVALID_CARD,3,NEUTRAL,0
27622.08,AMEX,TIMEOUT,1,NEUTRAL,1
21499.82,UPI,INSUFFICIENT_FUNDS,3,NEUTRAL,0
6148.35,MASTERCARD,INSUFFICIENT_FUNDS,2,POSITIVE,1
3699.94,VISA,INVALID_CARD,1,POSITIVE,0
34398.87,MASTERCARD,DO_NOT_HONOR,4,POSITIVE,1
17012.77,WALLET,INVALID_CARD,2,NEUTRAL,0
11177.79,WALLET,INVALID_CARD,4,NEUTRAL,0
7754.8,WALLET,NETWORK_ERROR,1,POSITIVE,1
41290.94,MASTERCARD,DO_NOT_HONOR,1,POSITIVE,1
30783.79,AMEX,FRAUD_REVIEW,0,POSITIVE,1
20438.83,MASTERCARD,FRAUD_REVIEW,4,POSITIVE,0
45897.75,AMEX,INSUFFICIENT_FUNDS,0,POSITIVE,1
21872.63,WALLET,TIMEOUT,3,POSITIVE,1
42394.65,UPI,FRAUD_REVIEW,3,POSITIVE,0
19346.88,WALLET,TIMEOUT,0,NEGATIVE,0
10415.41,UPI,TIMEOUT,4,NEUTRAL,0
25051.8,WALLET,TIMEOUT,3,NEGATIVE,0
7396.88,VISA,TIMEOUT,1,NEUTRAL,1
15847.75,UPI,INVALID_CARD,1,NEGATIVE,0
11698.59,WALLET,FRAUD_REVIEW,0,NEGATIVE,0
12354.83,VISA,FRAUD_REVIEW,0,NEUTRAL,0
18104.12,VISA,FRAUD_REVIEW,3,NEGATIVE,0
21322.06,UPI,INVALID_CARD,2,POSITIVE,1
45597.61,AMEX,FRAUD_REVIEW,1,POSITIVE,1
29357.63,WALLET,EXPIRED_CARD,0,NEUTRAL,1
38083.37,VISA,FUNDS_UNAVAILABLE,0,NEGATIVE,0
2693.24,VISA,INVALID_CARD,3,POSITIVE,0
42953.31,AMEX,FUNDS_UNAVAILABLE,1,NEUTRAL,1
26121.3,MASTERCARD,INSUFFICIENT_FUNDS,4,POSITIVE,0
39198.42,MASTERCARD,INVALID_CARD,4,NEUTRAL,0
44767.12,MASTERCARD,DO_NOT_HONOR,1,NEGATIVE,0
3555.63,VISA,INVALID_CARD,1,NEGATIVE,1
23234.35,AMEX,FUNDS_UNAVAILABLE,1,NEGATIVE,0
12433.2,VISA,NETWORK_ERROR,1,NEUTRAL,1
1231.75,WALLET,DO_NOT_HONOR,3,POSITIVE,1
23559.53,MASTERCARD,EXPIRED_CARD,4,NEUTRAL,0
14108.0,MASTERCARD,FRAUD_REVIEW,1,NEGATIVE,0
12561.1,WALLET,DO_NOT_HONOR,0,NEUTRAL,1
14502.68,WALLET,FRAUD_REVIEW,3,NEGATIVE,0
20314.14,WALLET,FRAUD_REVIEW,4,NEUTRAL,0
28958.1,UPI,INVALID_CARD,4,NEUTRAL,0
42924.76,MASTERCARD,DO_NOT_HONOR,1,POSITIVE,1
18501.56,AMEX,INSUFFICIENT_FUNDS,4,NEUTRAL,0
15115.99,VISA,NETWORK_ERROR,3,POSITIVE,0
10935.41,MASTERCARD,FRAUD_REVIEW,4,NEGATIVE,0
39729.27,UPI,EXPIRED_CARD,1,POSITIVE,0
45202.45,AMEX,FRAUD_REVIEW,3,NEUTRAL,0
18704.04,MASTERCARD,FRAUD_REVIEW,1,NEUTRAL,0
12419.23,MASTERCARD,INSUFFICIENT_FUNDS,2,NEUTRAL,1
23361.45,UPI,TIMEOUT,0,NEGATIVE,1
41090.49,WALLET,FRAUD_REVIEW,0,NEUTRAL,1
16706.33,AMEX,FUNDS_UNAVAILABLE,0,POSITIVE,1
35613.03,AMEX,DO_NOT_HONOR,0,NEGATIVE,1
26150.33,VISA,FRAUD_REVIEW,3,NEUTRAL,0
23122.49,WALLET,NETWORK_ERROR,2,NEUTRAL,1
25946.48,VISA,FRAUD_REVIEW,3,NEUTRAL,0
2000.56,WALLET,INSUFFICIENT_FUNDS,1,NEUTRAL,1
35770.7,AMEX,FUNDS_UNAVAILABLE,1,POSITIVE,1
19317.7,UPI,EXPIRED_CARD,0,POSITIVE,1
47687.27,MASTERCARD,TIMEOUT,4,POSITIVE,1
41330.92,MASTERCARD,TIMEOUT,4,NEGATIVE,0
45820.35,VISA,INSUFFICIENT_FUNDS,1,POSITIVE,1
24236.7,VISA,EXPIRED_CARD,3,POSITIVE,0
24775.42,VISA,FRAUD_REVIEW,2,NEGATIVE,0
18731.4,UPI,INVALID_CARD,4,NEGATIVE,0
45086.03,AMEX,NETWORK_ERROR,4,POSITIVE,0
41800.86,WALLET,INVALID_CARD,4,POSITIVE,0
1306.81,UPI,INVALID_CARD,2,NEGATIVE,0
48643.51,UPI,DO_NOT_HONOR,4,NEUTRAL,0
13030.59,MASTERCARD,EXPIRED_CARD,1,POSITIVE,1
7832.26,VISA,NETWORK_ERROR,3,NEGATIVE,0
28415.33,AMEX,INSUFFICIENT_FUNDS,1,POSITIVE,1
47434.88,VISA,NETWORK_ERROR,0,NEUTRAL,1
21721.95,UPI,FRAUD_REVIEW,0,NEUTRAL,0
6087.67,MASTERCARD,FRAUD_REVIEW,3,NEUTRAL,0
20384.82,MASTERCARD,INVALID_CARD,1,NEGATIVE,0
16938.34,WALLET,NETWORK_ERROR,4,NEUTRAL,0
5212.86,VISA,DO_NOT_HONOR,1,NEGATIVE,1
44849.75,MASTERCARD,DO_NOT_HONOR,0,NEUTRAL,1
6847.47,AMEX,NETWORK_ERROR,4,POSITIVE,1
44665.41,AMEX,INSUFFICIENT_FUNDS,0,NEGATIVE,1
2167.78,VISA,EXPIRED_CARD,1,NEUTRAL,0
24619.93,AMEX,INVALID_CARD,4,NEGATIVE,0
30714.3,MASTERCARD,INSUFFICIENT_FUNDS,3,NEGATIVE,0
8038.22,WALLET,INSUFFICIENT_FUNDS,3,NEGATIVE,0
14328.11,UPI,NETWORK_ERROR,1,NEGATIVE,0
22734.92,WALLET,INVALID_CARD,2,NEGATIVE,0
20174.48,MASTERCARD,INVALID_CARD,2,POSITIVE,1
7606.3,MASTERCARD,DO_NOT_HONOR,0,POSITIVE,1
6062.36,VISA,FRAUD_REVIEW,1,POSITIVE,0
14267.27,AMEX,NETWORK_ERROR,4,POSITIVE,0
21879.67,VISA,INVALID_CARD,1,NEUTRAL,0
18337.62,UPI,EXPIRED_CARD,2,POSITIVE,1
42087.84,AMEX,TIMEOUT,1,NEUTRAL,1
48334.32,AMEX,FRAUD_REVIEW,1,NEUTRAL,0
35427.75,AMEX,FUNDS_UNAVAILABLE,0,POSITIVE,0
20906.89,UPI,NETWORK_ERROR,1,POSITIVE,0
12153.16,WALLET,FRAUD_REVIEW,2,POSITIVE,0
21009.94,VISA,NETWORK_ERROR,2,NEGATIVE,0
336.32,UPI,EXPIRED_CARD,1,POSITIVE,1
33001.55,WALLET,INVALID_CARD,4,NEUTRAL,0
49682.83,WALLET,EXPIRED_CARD,3,NEGATIVE,0
22856.63,WALLET,INVALID_CARD,4,NEUTRAL,1
16763.75,UPI,INSUFFICIENT_FUNDS,3,NEUTRAL,0
45722.44,WALLET,EXPIRED_CARD,2,NEGATIVE,0
13382.09,VISA,EXPIRED_CARD,4,NEUTRAL,0
413.39,MASTERCARD,DO_NOT_HONOR,1,NEUTRAL,1
312.07,VISA,INSUFFICIENT_FUNDS,2,NEGATIVE,0
27417.99,UPI,DO_NOT_HONOR,4,NEGATIVE,0
32072.98,AMEX,DO_NOT_HONOR,3,NEGATIVE,0
33132.17,AMEX,INSUFFICIENT_FUNDS,1,NEUTRAL,1
16563.65,WALLET,EXPIRED_CARD,0,NEGATIVE,0
16572.99,MASTERCARD,FRAUD_REVIEW,0,POSITIVE,1
37520.63,AMEX,FUNDS_UNAVAILABLE,2,NEGATIVE,1
8260.7,UPI,EXPIRED_CARD,1,NEUTRAL,1
46600.73,AMEX,INSUFFICIENT_FUNDS,0,POSITIVE,0
42680.91,VISA,EXPIRED_CARD,0,NEUTRAL,0
5845.86,UPI,NETWORK_ERROR,0,NEGATIVE,0
39020.97,UPI,INSUFFICIENT_FUNDS,3,NEGATIVE,0
39317.75,AMEX,INSUFFICIENT_FUNDS,2,POSITIVE,1
9627.15,AMEX,DO_NOT_HONOR,4,POSITIVE,0
8282.15,AMEX,FUNDS_UNAVAILABLE,4,NEGATIVE,0
24038.78,AMEX,DO_NOT_HONOR,2,NEUTRAL,0
21733.6,WALLET,TIMEOUT,1,POSITIVE,1
31946.96,WALLET,INSUFFICIENT_FUNDS,1,NEGATIVE,0
39082.12,WALLET,FRAUD_REVIEW,3,NEUTRAL,0
10115.83,VISA,DO_NOT_HONOR,3,POSITIVE,1
17899.99,AMEX,NETWORK_ERROR,3,NEGATIVE,0
48485.27,UPI,INSUFFICIENT_FUNDS,1,POSITIVE,1
28158.33,VISA,FUNDS_UNAVAILABLE,3,NEUTRAL,0
27669.91,AMEX,INSUFFICIENT_FUNDS,4,POSITIVE,0
31976.4,MASTERCARD,INVALID_CARD,4,NEUTRAL,0
42961.11,VISA,INVALID_CARD,1,NEGATIVE,0
19103.14,MASTERCARD,INVALID_CARD,2,NEUTRAL,0
48761.45,AMEX,INSUFFICIENT_FUNDS,3,NEUTRAL,0
20462.17,VISA,INVALID_CARD,2,POSITIVE,0
43501.34,WALLET,INSUFFICIENT_FUNDS,2,POSITIVE,1
13357.15,AMEX,NETWORK_ERROR,0,POSITIVE,1
29194.96,VISA,EXPIRED_CARD,0,NEUTRAL,1
38079.59,WALLET,INSUFFICIENT_FUNDS,4,NEGATIVE,0
27394.02,WALLET,INVALID_CARD,0,NEUTRAL,0
2228.72,UPI,INSUFFICIENT_FUNDS,2,NEUTRAL,0
7017.2,VISA,DO_NOT_HONOR,0,NEUTRAL,1
40513.13,UPI,INSUFFICIENT_FUNDS,2,POSITIVE,1
28147.29,MASTERCARD,INSUFFICIENT_FUNDS,2,POSITIVE,1
45924.52,VISA,DO_NOT_HONOR,3,POSITIVE,0
6507.74,WALLET,EXPIRED_CARD,3,POSITIVE,0
43778.62,WALLET,EXPIRED_CARD,3,NEGATIVE,0
21600.21,WALLET,TIMEOUT,1,NEGATIVE,1
6983.28,WALLET,TIMEOUT,4,NEUTRAL,1
30895.97,VISA,TIMEOUT,2,NEGATIVE,0
272.34,VISA,TIMEOUT,4,POSITIVE,0
34626.74,WALLET,FUNDS_UNAVAILABLE,4,POSITIVE,0
12589.25,VISA,EXPIRED_CARD,1,NEGATIVE,1
3795.52,UPI,FUNDS_UNAVAILABLE,1,NEUTRAL,0
28813.82,MASTERCARD,INSUFFICIENT_FUNDS,0,NEUTRAL,1
10475.41,MASTERCARD,FUNDS_UNAVAILABLE,0,NEUTRAL,1
20674.12,WALLET,INVALID_CARD,3,NEGATIVE,0
31825.57,MASTERCARD,TIMEOUT,2,POSITIVE,0
42934.06,MASTERCARD,FRAUD_REVIEW,3,NEUTRAL,0
12755.14,UPI,FRAUD_REVIEW,1,POSITIVE,0
41717.76,UPI,INVALID_CARD,1,NEUTRAL,1
14503.05,AMEX,INVALID_CARD,1,NEUTRAL,0
23767.05,WALLET,INSUFFICIENT_FUNDS,4,NEUTRAL,0
32283.65,UPI,EXPIRED_CARD,2,NEUTRAL,0
13628.05,UPI,EXPIRED_CARD,3,POSITIVE,1
11874.16,UPI,TIMEOUT,1,NEGATIVE,0
46712.02,VISA,INVALID_CARD,2,NEGATIVE,0
5121.96,WALLET,INVALID_CARD,3,POSITIVE,1
47866.28,VISA,EXPIRED_CARD,2,NEUTRAL,0
37935.3,WALLET,FUNDS_UNAVAILABLE,3,NEGATIVE,1
47939.35,AMEX,TIMEOUT,4,NEUTRAL,1
9832.27,VISA,INVALID_CARD,3,NEUTRAL,0
13742.69,MASTERCARD,TIMEOUT,4,NEGATIVE,0
4985.28,UPI,EXPIRED_CARD,1,NEUTRAL,1
16940.17,UPI,EXPIRED_CARD,4,NEUTRAL,0
21654.99,WALLET,DO_NOT_HONOR,0,POSITIVE,1
7022.39,UPI,DO_NOT_HONOR,1,NEUTRAL,1
49798.61,VISA,INSUFFICIENT_FUNDS,4,NEUTRAL,0
11192.46,MASTERCARD,EXPIRED_CARD,2,POSITIVE,1
782.55,WALLET,TIMEOUT,0,NEUTRAL,1
44512.12,MASTERCARD,INSUFFICIENT_FUNDS,2,POSITIVE,1
4856.81,AMEX,EXPIRED_CARD,0,NEUTRAL,0
27145.54,VISA,FRAUD_REVIEW,1,NEUTRAL,0
5184.66,WALLET,EXPIRED_CARD,4,NEUTRAL,1
34879.68,AMEX,FRAUD_REVIEW,4,NEGATIVE,0
36997.25,WALLET,DO_NOT_HONOR,2,POSITIVE,1
8016.32,VISA,FUNDS_UNAVAILABLE,1,POSITIVE,1
14891.0,VISA,FRAUD_REVIEW,1,NEGATIVE,0
6070.24,MASTERCARD,NETWORK_ERROR,2,NEGATIVE,0
34458.27,MASTERCARD,FRAUD_REVIEW,3,POSITIVE,0
1949.45,MASTERCARD,TIMEOUT,0,POSITIVE,1
10746.9,MASTERCARD,TIMEOUT,0,NEUTRAL,1
40667.46,AMEX,NETWORK_ERROR,3,POSITIVE,0
29794.63,WALLET,EXPIRED_CARD,3,NEUTRAL,0
41867.16,UPI,INVALID_CARD,2,NEUTRAL,0
46325.41,VISA,EXPIRED_CARD,3,NEUTRAL,0
26865.3,VISA,INSUFFICIENT_FUNDS,1,POSITIVE,1
35073.42,VISA,FRAUD_REVIEW,3,NEGATIVE,0
36933.09,MASTERCARD,DO_NOT_HONOR,4,POSITIVE,0
11743.66,MASTERCARD,EXPIRED_CARD,0,NEGATIVE,0
27274.79,VISA,EXPIRED_CARD,4,NEGATIVE,0
26348.78,VISA,INVALID_CARD,2,NEUTRAL,0
41439.88,VISA,TIMEOUT,3,POSITIVE,1
39543.4,VISA,FUNDS_UNAVAILABLE,4,NEUTRAL,1
36101.81,WALLET,INSUFFICIENT_FUNDS,2,NEUTRAL,1
13960.3,AMEX,DO_NOT_HONOR,0,POSITIVE,1
38810.15,VISA,DO_NOT_HONOR,0,NEUTRAL,1
37161.46,WALLET,INSUFFICIENT_FUNDS,0,NEGATIVE,1
47663.81,VISA,FRAUD_REVIEW,4,NEGATIVE,0
39415.8,WALLET,DO_NOT_HONOR,1,NEUTRAL,1
33674.49,WALLET,INVALID_CARD,2,NEUTRAL,1
27379.61,MASTERCARD,FRAUD_REVIEW,2,NEUTRAL,0
38445.76,MASTERCARD,FUNDS_UNAVAILABLE,2,NEGATIVE,0
2314.5,UPI,FRAUD_REVIEW,0,NEGATIVE,0
1507.32,WALLET,DO_NOT_HONOR,0,NEGATIVE,1
12431.52,AMEX,NETWORK_ERROR,0,NEUTRAL,0
13898.95,MASTERCARD,TIMEOUT,3,NEGATIVE,0
20766.03,AMEX,EXPIRED_CARD,2,NEUTRAL,0
18437.29,MASTERCARD,TIMEOUT,0,NEGATIVE,0
31325.84,VISA,TIMEOUT,1,POSITIVE,1
42830.08,WALLET,FRAUD_REVIEW,4,NEUTRAL,0
1046.32,WALLET,FUNDS_UNAVAILABLE,1,POSITIVE,1
40139.29,VISA,TIMEOUT,2,NEGATIVE,1
27878.51,WALLET,DO_NOT_HONOR,2,NEGATIVE,0
48115.17,MASTERCARD,FRAUD_REVIEW,3,POSITIVE,0
19028.78,MASTERCARD,INSUFFICIENT_FUNDS,3,NEUTRAL,0
33715.39,MASTERCARD,TIMEOUT,4,NEGATIVE,0
8709.38,WALLET,INVALID_CARD,3,NEUTRAL,0
12287.27,UPI,FUNDS_UNAVAILABLE,2,NEGATIVE,0
26510.39,MASTERCARD,INSUFFICIENT_FUNDS,2,NEUTRAL,1
43697.52,UPI,INVALID_CARD,3,POSITIVE,0
37564.59,AMEX,DO_NOT_HONOR,1,NEUTRAL,0
36111.98,AMEX,NETWORK_ERROR,4,NEGATIVE,0
9745.27,VISA,INSUFFICIENT_FUNDS,3,NEUTRAL,0
39646.27,AMEX,DO_NOT_HONOR,1,NEGATIVE,1
12223.88,WALLET,FUNDS_UNAVAILABLE,2,NEUTRAL,0
6885.84,WALLET,DO_NOT_HONOR,2,POSITIVE,1
32026.25,AMEX,EXPIRED_CARD,1,POSITIVE,1
38299.31,AMEX,EXPIRED_CARD,4,NEUTRAL,0
44197.32,VISA,TIMEOUT,1,POSITIVE,1
4684.87,WALLET,FRAUD_REVIEW,4,NEUTRAL,0
39411.18,WALLET,DO_NOT_HONOR,4,POSITIVE,1
4752.65,MASTERCARD,FRAUD_REVIEW,1,POSITIVE,0
16286.4,MASTERCARD,DO_NOT_HONOR,3,POSITIVE,0
47819.29,WALLET,FRAUD_REVIEW,2,NEUTRAL,0
48044.85,UPI,DO_NOT_HONOR,0,POSITIVE,1
1523.15,VISA,INSUFFICIENT_FUNDS,2,NEUTRAL,1
6569.77,WALLET,DO_NOT_HONOR,1,NEGATIVE,1
23719.2,UPI,INVALID_CARD,2,NEGATIVE,0
36293.93,UPI,DO_NOT_HONOR,4,NEGATIVE,0
18521.66,AMEX,FUNDS_UNAVAILABLE,0,POSITIVE,1
3731.45,VISA,INVALID_CARD,0,NEGATIVE,0
11721.21,WALLET,FRAUD_REVIEW,2,POSITIVE,0
37874.76,UPI,EXPIRED_CARD,1,NEGATIVE,0
10936.16,WALLET,FUNDS_UNAVAILABLE,0,POSITIVE,1
16892.53,UPI,INSUFFICIENT_FUNDS,0,NEUTRAL,0
34831.77,AMEX,FUNDS_UNAVAILABLE,4,NEGATIVE,0
37407.84,AMEX,DO_NOT_HONOR,2,POSITIVE,1
19895.73,UPI,DO_NOT_HONOR,4,NEGATIVE,1
37367.88,UPI,DO_NOT_HONOR,0,POSITIVE,1
2958.3,MASTERCARD,NETWORK_ERROR,3,NEUTRAL,0
4601.31,VISA,TIMEOUT,1,NEGATIVE,0
16154.84,MASTERCARD,INSUFFICIENT_FUNDS,1,POSITIVE,1
17158.56,VISA,TIMEOUT,4,NEGATIVE,0
28687.67,UPI,FRAUD_REVIEW,3,NEGATIVE,0
7301.27,MASTERCARD,INVALID_CARD,2,NEGATIVE,0
5968.26,AMEX,DO_NOT_HONOR,4,NEUTRAL,0
17261.94,MASTERCARD,FRAUD_REVIEW,4,NEGATIVE,0
6997.46,VISA,EXPIRED_CARD,1,NEGATIVE,0
36248.1,VISA,INSUFFICIENT_FUNDS,2,NEUTRAL,0
1099.1,VISA,NETWORK_ERROR,4,NEGATIVE,0
40203.67,AMEX,FUNDS_UNAVAILABLE,0,NEGATIVE,0
49596.33,WALLET,FUNDS_UNAVAILABLE,3,NEGATIVE,0
31264.02,UPI,TIMEOUT,2,NEGATIVE,0
38022.83,UPI,INSUFFICIENT_FUNDS,4,NEUTRAL,1
39219.83,WALLET,TIMEOUT,4,POSITIVE,1
28353.93,AMEX,DO_NOT_HONOR,4,NEUTRAL,0
39656.47,MASTERCARD,FUNDS_UNAVAILABLE,1,POSITIVE,1
39060.68,MASTERCARD,INVALID_CARD,1,NEUTRAL,0
28080.47,VISA,TIMEOUT,4,NEGATIVE,1
27983.85,MASTERCARD,TIMEOUT,0,NEUTRAL,0
48622.66,VISA,FRAUD_REVIEW,1,NEGATIVE,0
28170.65,MASTERCARD,EXPIRED_CARD,2,NEGATIVE,0
45411.43,MASTERCARD,FUNDS_UNAVAILABLE,4,POSITIVE,0
49050.65,VISA,NETWORK_ERROR,3,NEGATIVE,0
7294.32,WALLET,TIMEOUT,2,POSITIVE,1
42478.79,MASTERCARD,TIMEOUT,4,NEUTRAL,0
7501.29,AMEX,INSUFFICIENT_FUNDS,4,NEUTRAL,0
17366.93,VISA,EXPIRED_CARD,0,NEGATIVE,0
21412.5,MASTERCARD,EXPIRED_CARD,4,NEUTRAL,0
49027.61,VISA,INVALID_CARD,1,NEUTRAL,0
7617.81,WALLET,INVALID_CARD,4,NEUTRAL,0
2219.99,VISA,FUNDS_UNAVAILABLE,3,POSITIVE,1
33452.27,WALLET,TIMEOUT,4,NEUTRAL,0
19586.46,VISA,INSUFFICIENT_FUNDS,3,NEGATIVE,0
4244.46,MASTERCARD,NETWORK_ERROR,0,POSITIVE,0
18884.53,VISA,INVALID_CARD,0,NEUTRAL,0
3843.51,AMEX,DO_NOT_HONOR,3,NEUTRAL,0
43172.35,WALLET,EXPIRED_CARD,4,NEUTRAL,0
31423.49,VISA,NETWORK_ERROR,1,NEGATIVE,1
1037.53,UPI,FRAUD_REVIEW,3,NEGATIVE,0
8283.15,UPI,FUNDS_UNAVAILABLE,3,NEUTRAL,0
29896.34,AMEX,DO_NOT_HONOR,4,POSITIVE,0
24706.29,UPI,TIMEOUT,0,POSITIVE,1
46637.76,VISA,INVALID_CARD,0,NEUTRAL,0
33796.69,AMEX,INSUFFICIENT_FUNDS,1,POSITIVE,1
11759.23,MASTERCARD,NETWORK_ERROR,2,NEGATIVE,0
10290.4,UPI,INSUFFICIENT_FUNDS,3,NEGATIVE,0
23319.9,MASTERCARD,FUNDS_UNAVAILABLE,0,POSITIVE,1
223.13,VISA,EXPIRED_CARD,3,POSITIVE,0
48981.3,AMEX,FUNDS_UNAVAILABLE,3,NEUTRAL,0
48826.37,UPI,INSUFFICIENT_FUNDS,1,POSITIVE,1
44591.75,WALLET,INVALID_CARD,2,NEUTRAL,0
36354.13,MASTERCARD,NETWORK_ERROR,0,POSITIVE,1
14842.02,VISA,INSUFFICIENT_FUNDS,3,NEUTRAL,0
2834.43,UPI,EXPIRED_CARD,2,POSITIVE,1
26802.25,MASTERCARD,FRAUD_REVIEW,3,NEGATIVE,0
45775.49,VISA,DO_NOT_HONOR,1,NEGATIVE,1
24680.45,WALLET,FUNDS_UNAVAILABLE,0,NEGATIVE,1
26067.34,UPI,FUNDS_UNAVAILABLE,4,NEGATIVE,0
41521.42,WALLET,FRAUD_REVIEW,1,NEUTRAL,0
11735.11,WALLET,EXPIRED_CARD,0,NEGATIVE,0
34140.28,AMEX,TIMEOUT,0,NEUTRAL,1
37563.51,VISA,FRAUD_REVIEW,4,NEGATIVE,0
21548.72,VISA,FRAUD_REVIEW,3,NEGATIVE,0
43073.02,UPI,EXPIRED_CARD,3,NEGATIVE,0
7497.9,VISA,NETWORK_ERROR,0,NEUTRAL,1
4400.75,MASTERCARD,FUNDS_UNAVAILABLE,1,NEGATIVE,1
33759.38,VISA,TIMEOUT,2,POSITIVE,0
27045.91,UPI,INSUFFICIENT_FUNDS,2,NEUTRAL,0
36677.98,WALLET,FUNDS_UNAVAILABLE,0,NEGATIVE,1
28479.78,UPI,DO_NOT_HONOR,4,NEGATIVE,0
34156.73,MASTERCARD,TIMEOUT,4,NEGATIVE,0
39210.8,VISA,FUNDS_UNAVAILABLE,1,POSITIVE,0
39959.58,WALLET,EXPIRED_CARD,4,NEUTRAL,0
29991.5,AMEX,INVALID_CARD,1,NEUTRAL,0
17018.5,WALLET,INSUFFICIENT_FUNDS,0,NEUTRAL,1
31378.08,WALLET,FRAUD_REVIEW,0,NEGATIVE,0
4764.95,MASTERCARD,EXPIRED_CARD,4,NEUTRAL,0
23984.55,WALLET,FUNDS_UNAVAILABLE,0,NEGATIVE,0
19146.33,VISA,INSUFFICIENT_FUNDS,3,NEUTRAL,0
24725.06,WALLET,FUNDS_UNAVAILABLE,4,NEGATIVE,0
25389.11,MASTERCARD,FUNDS_UNAVAILABLE,2,NEGATIVE,0
24796.58,VISA,NETWORK_ERROR,4,POSITIVE,1
9474.61,MASTERCARD,NETWORK_ERROR,0,NEGATIVE,1
1688.91,AMEX,TIMEOUT,3,NEGATIVE,0
34343.5,WALLET,DO_NOT_HONOR,0,NEGATIVE,1
14123.93,WALLET,FUNDS_UNAVAILABLE,2,NEUTRAL,1
9291.29,WALLET,TIMEOUT,3,NEGATIVE,0
7189.64,WALLET,INVALID_CARD,1,NEGATIVE,0
47591.66,WALLET,INVALID_CARD,3,POSITIVE,0
9889.48,WALLET,INSUFFICIENT_FUNDS,2,NEUTRAL,1
4164.43,AMEX,FUNDS_UNAVAILABLE,4,NEUTRAL,0
46621.62,MASTERCARD,NETWORK_ERROR,3,POSITIVE,0
8758.49,WALLET,EXPIRED_CARD,1,NEUTRAL,0
39127.79,AMEX,INSUFFICIENT_FUNDS,1,NEGATIVE,1
35588.64,AMEX,NETWORK_ERROR,0,NEGATIVE,0
13289.9,UPI,NETWORK_ERROR,0,NEGATIVE,1
24490.87,AMEX,INVALID_CARD,1,POSITIVE,1
31480.76,VISA,INSUFFICIENT_FUNDS,0,NEUTRAL,1
8407.78,MASTERCARD,NETWORK_ERROR,4,POSITIVE,1
2076.99,AMEX,EXPIRED_CARD,3,NEUTRAL,0
14823.77,VISA,NETWORK_ERROR,2,POSITIVE,1
36500.84,AMEX,EXPIRED_CARD,3,NEUTRAL,0
47541.01,VISA,EXPIRED_CARD,3,NEUTRAL,0
2480.45,WALLET,INVALID_CARD,1,NEGATIVE,0
40158.65,AMEX,INSUFFICIENT_FUNDS,0,NEUTRAL,1
19270.03,WALLET,INSUFFICIENT_FUNDS,4,NEGATIVE,0
3195.09,MASTERCARD,FRAUD_REVIEW,0,NEUTRAL,0
11903.49,WALLET,NETWORK_ERROR,3,POSITIVE,0
46771.66,WALLET,TIMEOUT,3,POSITIVE,0
43228.91,WALLET,TIMEOUT,3,NEGATIVE,0
15072.78,MASTERCARD,FUNDS_UNAVAILABLE,3,NEGATIVE,0
16996.81,AMEX,NETWORK_ERROR,4,NEUTRAL,0
39870.8,AMEX,INVALID_CARD,1,NEGATIVE,0
47908.65,VISA,INSUFFICIENT_FUNDS,3,NEUTRAL,1
46642.21,VISA,DO_NOT_HONOR,0,POSITIVE,1
18750.68,MASTERCARD,EXPIRED_CARD,0,POSITIVE,1
43893.11,VISA,NETWORK_ERROR,2,POSITIVE,1
16334.03,UPI,DO_NOT_HONOR,4,POSITIVE,0
21399.01,MASTERCARD,INSUFFICIENT_FUNDS,2,NEUTRAL,1
26086.49,WALLET,TIMEOUT,3,NEGATIVE,0
35893.53,MASTERCARD,FRAUD_REVIEW,1,NEUTRAL,0
31938.63,UPI,INVALID_CARD,3,POSITIVE,0
6660.88,WALLET,FUNDS_UNAVAILABLE,2,NEUTRAL,1
47942.84,WALLET,EXPIRED_CARD,1,NEGATIVE,0
40854.53,MASTERCARD,EXPIRED_CARD,0,POSITIVE,1
7331.99,VISA,INVALID_CARD,4,POSITIVE,1
36967.16,VISA,EXPIRED_CARD,3,NEUTRAL,0
10357.06,WALLET,FRAUD_REVIEW,2,POSITIVE,0
38393.36,UPI,INSUFFICIENT_FUNDS,3,POSITIVE,0
45012.61,UPI,FRAUD_REVIEW,2,NEUTRAL,0
18286.73,AMEX,FRAUD_REVIEW,1,NEUTRAL,0
28646.7,VISA,NETWORK_ERROR,1,NEGATIVE,1
40870.07,UPI,TIMEOUT,4,POSITIVE,0
19746.28,WALLET,FUNDS_UNAVAILABLE,3,POSITIVE,0
8942.34,UPI,EXPIRED_CARD,1,NEUTRAL,0
36469.51,WALLET,FUNDS_UNAVAILABLE,0,NEUTRAL,1
7928.54,WALLET,EXPIRED_CARD,3,POSITIVE,0
36693.7,AMEX,INSUFFICIENT_FUNDS,2,POSITIVE,1
7364.87,MASTERCARD,NETWORK_ERROR,2,NEGATIVE,0
39509.71,WALLET,EXPIRED_CARD,2,NEGATIVE,0
13485.56,VISA,FRAUD_REVIEW,3,NEGATIVE,0
24756.47,MASTERCARD,TIMEOUT,2,POSITIVE,0
28637.98,AMEX,INVALID_CARD,4,NEUTRAL,0
36306.48,MASTERCARD,FRAUD_REVIEW,4,NEGATIVE,0
9502.38,MASTERCARD,FRAUD_REVIEW,0,POSITIVE,1
12475.17,WALLET,FRAUD_REVIEW,4,NEUTRAL,0
10869.01,AMEX,FUNDS_UNAVAILABLE,4,NEGATIVE,0
26043.46,MASTERCARD,FUNDS_UNAVAILABLE,0,NEGATIVE,0
5108.11,AMEX,TIMEOUT,0,NEGATIVE,1
2075.32,VISA,INVALID_CARD,4,NEUTRAL,0
46998.4,UPI,FRAUD_REVIEW,2,NEGATIVE,0
37051.06,AMEX,NETWORK_ERROR,1,POSITIVE,1
19838.42,VISA,DO_NOT_HONOR,1,POSITIVE,1
15244.76,UPI,INSUFFICIENT_FUNDS,4,NEGATIVE,0
23118.7,AMEX,FUNDS_UNAVAILABLE,1,NEGATIVE,0
46441.16,VISA,DO_NOT_HONOR,1,NEGATIVE,0
39005.18,WALLET,NETWORK_ERROR,0,POSITIVE,1
24002.84,WALLET,EXPIRED_CARD,0,NEGATIVE,0
45600.39,WALLET,TIMEOUT,3,POSITIVE,1
29755.55,VISA,INSUFFICIENT_FUNDS,1,NEUTRAL,1
7716.4,MASTERCARD,INSUFFICIENT_FUNDS,1,POSITIVE,1
34401.94,UPI,TIMEOUT,3,NEGATIVE,0
5935.26,VISA,INSUFFICIENT_FUNDS,0,NEUTRAL,1
6649.22,MASTERCARD,DO_NOT_HONOR,0,NEGATIVE,0
22435.25,AMEX,FRAUD_REVIEW,1,POSITIVE,0
37389.3,MASTERCARD,DO_NOT_HONOR,2,NEGATIVE,1
19138.12,MASTERCARD,DO_NOT_HONOR,1,NEUTRAL,1
33324.16,AMEX,INSUFFICIENT_FUNDS,1,NEUTRAL,1
4687.0,VISA,TIMEOUT,4,POSITIVE,0
43020.22,WALLET,NETWORK_ERROR,1,POSITIVE,1
18903.73,VISA,EXPIRED_CARD,2,NEUTRAL,0
42014.37,VISA,DO_NOT_HONOR,1,NEGATIVE,0
29890.9,MASTERCARD,FRAUD_REVIEW,0,POSITIVE,1
22795.97,MASTERCARD,INVALID_CARD,1,NEUTRAL,0
27574.81,WALLET,NETWORK_ERROR,3,NEUTRAL,0
6690.61,VISA,INVALID_CARD,0,NEGATIVE,0
1477.15,UPI,DO_NOT_HONOR,3,POSITIVE,1
8265.3,MASTERCARD,FRAUD_REVIEW,2,POSITIVE,1
31047.35,UPI,INSUFFICIENT_FUNDS,3,NEUTRAL,0
1314.54,MASTERCARD,FUNDS_UNAVAILABLE,1,NEUTRAL,1
47268.59,VISA,NETWORK_ERROR,2,NEUTRAL,0
8098.2,VISA,EXPIRED_CARD,2,POSITIVE,1
6409.8,WALLET,NETWORK_ERROR,3,NEUTRAL,0
38466.94,UPI,NETWORK_ERROR,3,NEUTRAL,0
18670.22,WALLET,NETWORK_ERROR,2,NEUTRAL,1
8789.63,MASTERCARD,INVALID_CARD,3,POSITIVE,1
40542.37,UPI,TIMEOUT,0,POSITIVE,1
3158.04,VISA,INSUFFICIENT_FUNDS,0,POSITIVE,1
45591.1,UPI,EXPIRED_CARD,0,NEUTRAL,0
38219.52,VISA,FRAUD_REVIEW,1,NEUTRAL,0
27309.76,WALLET,INSUFFICIENT_FUNDS,2,NEUTRAL,1
29718.82,VISA,NETWORK_ERROR,0,NEUTRAL,1
25516.48,UPI,FRAUD_REVIEW,0,POSITIVE,1
35688.54,AMEX,INSUFFICIENT_FUNDS,0,NEUTRAL,1
26628.57,AMEX,FRAUD_REVIEW,2,POSITIVE,0
8914.04,MASTERCARD,DO_NOT_HONOR,0,NEGATIVE,1
17576.89,WALLET,NETWORK_ERROR,3,NEUTRAL,0
29888.78,UPI,DO_NOT_HONOR,1,POSITIVE,1
16821.38,MASTERCARD,TIMEOUT,1,NEUTRAL,0
41948.87,UPI,TIMEOUT,1,POSITIVE,1
3390.91,MASTERCARD,FUNDS_UNAVAILABLE,3,POSITIVE,1
48995.18,UPI,TIMEOUT,3,POSITIVE,1
16650.52,WALLET,DO_NOT_HONOR,0,POSITIVE,1
29508.01,UPI,INSUFFICIENT_FUNDS,2,POSITIVE,1
32824.14,WALLET,EXPIRED_CARD,4,NEGATIVE,0
35802.16,AMEX,DO_NOT_HONOR,2,POSITIVE,1
35444.9,AMEX,FUNDS_UNAVAILABLE,0,NEUTRAL,1
25191.43,WALLET,INVALID_CARD,4,NEUTRAL,0
19871.01,WALLET,FRAUD_REVIEW,1,NEGATIVE,0
23269.74,UPI,INSUFFICIENT_FUNDS,3,NEUTRAL,0
37545.36,VISA,TIMEOUT,3,POSITIVE,1
24350.78,VISA,FRAUD_REVIEW,3,NEGATIVE,0
11818.28,MASTERCARD,NETWORK_ERROR,3,POSITIVE,1
34506.43,WALLET,INVALID_CARD,4,NEGATIVE,0
49784.39,UPI,DO_NOT_HONOR,0,NEGATIVE,0
13352.86,UPI,FUNDS_UNAVAILABLE,0,POSITIVE,1
25875.45,WALLET,FUNDS_UNAVAILABLE,0,POSITIVE,1
42083.17,VISA,INVALID_CARD,0,NEGATIVE,0
39999.45,MASTERCARD,NETWORK_ERROR,4,NEGATIVE,0
25321.95,WALLET,FRAUD_REVIEW,1,POSITIVE,1
22333.95,VISA,INVALID_CARD,4,POSITIVE,0
42599.75,WALLET,TIMEOUT,2,NEUTRAL,0
8203.67,VISA,FRAUD_REVIEW,2,NEGATIVE,0
46369.69,WALLET,FRAUD_REVIEW,4,NEUTRAL,0
774.39,MASTERCARD,DO_NOT_HONOR,0,NEUTRAL,1
21055.62,AMEX,FRAUD_REVIEW,0,POSITIVE,0
19136.45,VISA,INVALID_CARD,4,NEUTRAL,0
32468.01,VISA,FUNDS_UNAVAILABLE,4,NEUTRAL,0
29603.41,MASTERCARD,TIMEOUT,4,NEGATIVE,0
36365.03,UPI,FRAUD_REVIEW,0,NEUTRAL,1
17861.13,VISA,INVALID_CARD,0,NEGATIVE,0
17859.58,VISA,FRAUD_REVIEW,4,NEGATIVE,0
24477.84,WALLET,EXPIRED_CARD,2,NEGATIVE,0
5529.04,UPI,TIMEOUT,1,NEUTRAL,1
44261.42,UPI,INVALID_CARD,4,NEUTRAL,0
12583.02,AMEX,TIMEOUT,0,NEUTRAL,1
15757.2,VISA,FRAUD_REVIEW,0,POSITIVE,0
5290.04,MASTERCARD,FUNDS_UNAVAILABLE,2,NEGATIVE,0
41310.89,UPI,INVALID_CARD,4,NEGATIVE,0
25226.14,WALLET,EXPIRED_CARD,2,NEGATIVE,0
34895.05,MASTERCARD,DO_NOT_HONOR,3,POSITIVE,0
19880.39,MASTERCARD,FRAUD_REVIEW,4,NEGATIVE,0
1298.33,VISA,INSUFFICIENT_FUNDS,2,POSITIVE,1
41518.87,WALLET,EXPIRED_CARD,2,NEGATIVE,0
30064.57,MASTERCARD,EXPIRED_CARD,3,POSITIVE,0
23860.5,UPI,DO_NOT_HONOR,2,POSITIVE,0
2380.78,AMEX,NETWORK_ERROR,4,NEGATIVE,1
16756.05,VISA,FUNDS_UNAVAILABLE,2,NEUTRAL,0
24880.48,AMEX,INSUFFICIENT_FUNDS,4,POSITIVE,0
32584.23,MASTERCARD,INVALID_CARD,2,POSITIVE,0
20936.27,VISA,FRAUD_REVIEW,3,NEGATIVE,0
25886.2,AMEX,DO_NOT_HONOR,4,NEGATIVE,0
36528.39,UPI,FRAUD_REVIEW,4,POSITIVE,0
4165.05,AMEX,TIMEOUT,4,POSITIVE,0
42018.78,WALLET,FUNDS_UNAVAILABLE,3,NEGATIVE,0
13398.32,UPI,EXPIRED_CARD,4,NEUTRAL,0
27567.7,AMEX,TIMEOUT,4,NEUTRAL,0
43363.27,AMEX,NETWORK_ERROR,4,NEUTRAL,0
40218.25,VISA,INSUFFICIENT_FUNDS,0,NEGATIVE,1
30035.59,MASTERCARD,DO_NOT_HONOR,3,NEUTRAL,1
46451.67,VISA,NETWORK_ERROR,0,POSITIVE,1
21239.61,VISA,EXPIRED_CARD,4,NEGATIVE,0
27850.92,UPI,EXPIRED_CARD,3,NEUTRAL,0
48798.04,MASTERCARD,INSUFFICIENT_FUNDS,4,NEGATIVE,0
18744.94,VISA,TIMEOUT,3,POSITIVE,1
29787.05,WALLET,INVALID_CARD,1,NEUTRAL,0
29102.12,MASTERCARD,DO_NOT_HONOR,2,NEUTRAL,0
34183.94,AMEX,TIMEOUT,3,NEUTRAL,0
16478.35,UPI,INVALID_CARD,1,POSITIVE,0
46583.37,AMEX,TIMEOUT,2,NEUTRAL,0
17127.85,VISA,FRAUD_REVIEW,2,NEUTRAL,0
9775.92,WALLET,DO_NOT_HONOR,3,POSITIVE,1
39155.08,AMEX,TIMEOUT,3,POSITIVE,0
9379.4,UPI,NETWORK_ERROR,2,POSITIVE,1
31704.68,WALLET,NETWORK_ERROR,1,POSITIVE,1
46609.39,UPI,FUNDS_UNAVAILABLE,1,POSITIVE,1
14846.79,UPI,TIMEOUT,3,NEGATIVE,0
15668.69,MASTERCARD,NETWORK_ERROR,4,POSITIVE,1
5362.08,MASTERCARD,INVALID_CARD,0,POSITIVE,1
48626.13,WALLET,INVALID_CARD,4,NEGATIVE,0
49670.0,VISA,DO_NOT_HONOR,0,NEUTRAL,1
49102.53,UPI,FRAUD_REVIEW,4,POSITIVE,0
4140.78,WALLET,NETWORK_ERROR,3,POSITIVE,0
13805.22,MASTERCARD,TIMEOUT,2,POSITIVE,1
21364.41,MASTERCARD,INSUFFICIENT_FUNDS,1,POSITIVE,1
12711.18,UPI,NETWORK_ERROR,1,NEUTRAL,1
29519.36,UPI,DO_NOT_HONOR,3,NEGATIVE,0
40986.25,MASTERCARD,NETWORK_ERROR,2,NEGATIVE,1
6570.25,WALLET,EXPIRED_CARD,4,NEUTRAL,0
18229.05,AMEX,DO_NOT_HONOR,0,NEGATIVE,0
12872.34,AMEX,INVALID_CARD,3,NEUTRAL,0
43519.54,VISA,INSUFFICIENT_FUNDS,1,POSITIVE,1
35703.68,UPI,INVALID_CARD,4,NEGATIVE,0
36602.42,UPI,INSUFFICIENT_FUNDS,3,NEUTRAL,0
20027.57,MASTERCARD,EXPIRED_CARD,2,NEGATIVE,0
37164.62,UPI,FUNDS_UNAVAILABLE,0,POSITIVE,0
27843.42,UPI,FUNDS_UNAVAILABLE,0,NEUTRAL,1
828.26,WALLET,DO_NOT_HONOR,0,NEGATIVE,0
48123.35,VISA,INVALID_CARD,2,NEGATIVE,0
1853.37,WALLET,EXPIRED_CARD,2,NEGATIVE,0
41521.23,AMEX,EXPIRED_CARD,2,POSITIVE,0
788.4,VISA,INSUFFICIENT_FUNDS,3,NEUTRAL,0
14472.97,VISA,TIMEOUT,2,POSITIVE,1
12868.79,AMEX,INVALID_CARD,2,NEUTRAL,1
26680.5,WALLET,NETWORK_ERROR,0,NEUTRAL,1
11028.65,WALLET,INSUFFICIENT_FUNDS,0,NEGATIVE,0
37831.46,AMEX,EXPIRED_CARD,4,POSITIVE,1
22933.37,WALLET,INVALID_CARD,4,NEGATIVE,0
31180.53,WALLET,TIMEOUT,4,NEGATIVE,0
7919.18,WALLET,DO_NOT_HONOR,2,NEUTRAL,1
35213.26,UPI,INSUFFICIENT_FUNDS,2,NEUTRAL,0
12838.9,MASTERCARD,DO_NOT_HONOR,0,NEGATIVE,0
27114.26,UPI,INVALID_CARD,1,NEUTRAL,1
10346.01,WALLET,EXPIRED_CARD,4,NEUTRAL,0
11926.2,WALLET,INSUFFICIENT_FUNDS,1,POSITIVE,0
33044.64,UPI,DO_NOT_HONOR,3,POSITIVE,0
28415.75,MASTERCARD,DO_NOT_HONOR,4,NEGATIVE,0
8555.61,VISA,DO_NOT_HONOR,0,POSITIVE,1
8951.31,VISA,DO_NOT_HONOR,0,NEGATIVE,1
23173.19,UPI,INSUFFICIENT_FUNDS,0,POSITIVE,1
31642.68,WALLET,FRAUD_REVIEW,3,POSITIVE,1
4363.85,AMEX,EXPIRED_CARD,2,NEUTRAL,0
14580.44,MASTERCARD,INVALID_CARD,2,NEGATIVE,0
47181.59,WALLET,DO_NOT_HONOR,3,NEUTRAL,0
37603.54,WALLET,FUNDS_UNAVAILABLE,1,NEUTRAL,1
43344.46,WALLET,NETWORK_ERROR,0,POSITIVE,1
36720.1,VISA,FRAUD_REVIEW,3,POSITIVE,1
40905.01,AMEX,NETWORK_ERROR,4,NEUTRAL,0
3911.74,VISA,DO_NOT_HONOR,3,NEUTRAL,0
33488.41,UPI,INVALID_CARD,0,POSITIVE,1
32435.78,AMEX,INVALID_CARD,0,NEGATIVE,1
42068.03,MASTERCARD,INVALID_CARD,0,NEUTRAL,0
5208.46,WALLET,INVALID_CARD,4,NEUTRAL,1
30835.74,AMEX,EXPIRED_CARD,3,NEUTRAL,0
14851.21,MASTERCARD,TIMEOUT,4,NEGATIVE,0
31167.14,MASTERCARD,TIMEOUT,4,NEUTRAL,0
26492.13,WALLET,TIMEOUT,4,NEGATIVE,0
31836.9,VISA,FRAUD_REVIEW,4,NEGATIVE,0
24367.69,WALLET,INSUFFICIENT_FUNDS,2,POSITIVE,1
29649.82,MASTERCARD,NETWORK_ERROR,3,POSITIVE,0
44860.25,VISA,EXPIRED_CARD,1,POSITIVE,0
6808.51,AMEX,FRAUD_REVIEW,4,NEGATIVE,0
43659.55,UPI,DO_NOT_HONOR,2,POSITIVE,1
491.05,WALLET,NETWORK_ERROR,1,POSITIVE,1
18188.1,WALLET,NETWORK_ERROR,0,NEUTRAL,1
14681.21,VISA,FUNDS_UNAVAILABLE,3,NEUTRAL,0
9406.94,VISA,INSUFFICIENT_FUNDS,4,NEGATIVE,0
32320.06,MASTERCARD,INVALID_CARD,0,NEGATIVE,0
20260.08,MASTERCARD,TIMEOUT,2,POSITIVE,1
30237.3,UPI,NETWORK_ERROR,4,NEGATIVE,0
2859.05,AMEX,NETWORK_ERROR,2,POSITIVE,1
27766.9,AMEX,NETWORK_ERROR,3,POSITIVE,1
39019.21,MASTERCARD,DO_NOT_HONOR,4,POSITIVE,1
43508.25,UPI,DO_NOT_HONOR,4,POSITIVE,0
2679.1,UPI,EXPIRED_CARD,2,NEUTRAL,0
2831.49,MASTERCARD,EXPIRED_CARD,1,NEUTRAL,0
23606.13,MASTERCARD,FUNDS_UNAVAILABLE,4,NEGATIVE,0
36111.75,AMEX,DO_NOT_HONOR,0,POSITIVE,1
32667.09,WALLET,FUNDS_UNAVAILABLE,1,NEGATIVE,1
22740.67,VISA,FUNDS_UNAVAILABLE,3,POSITIVE,1
46711.23,AMEX,DO_NOT_HONOR,3,POSITIVE,1
17701.33,WALLET,DO_NOT_HONOR,0,POSITIVE,1
48741.28,WALLET,FUNDS_UNAVAILABLE,3,POSITIVE,0
32915.48,AMEX,FUNDS_UNAVAILABLE,3,POSITIVE,0
2372.26,AMEX,EXPIRED_CARD,3,POSITIVE,0
6980.98,VISA,DO_NOT_HONOR,3,POSITIVE,0
29763.69,VISA,DO_NOT_HONOR,3,NEUTRAL,0
41532.86,VISA,INVALID_CARD,4,NEGATIVE,0
14793.17,MASTERCARD,FRAUD_REVIEW,3,NEGATIVE,0
10824.26,UPI,NETWORK_ERROR,1,NEGATIVE,1
47836.18,VISA,TIMEOUT,0,NEGATIVE,0
25830.59,MASTERCARD,FRAUD_REVIEW,1,NEUTRAL,0
4315.59,VISA,DO_NOT_HONOR,2,NEUTRAL,1
17719.39,WALLET,TIMEOUT,1,NEGATIVE,1
23519.95,AMEX,EXPIRED_CARD,2,NEUTRAL,0
38244.26,MASTERCARD,NETWORK_ERROR,1,NEUTRAL,1
20400.45,AMEX,TIMEOUT,0,NEGATIVE,1
9849.06,WALLET,EXPIRED_CARD,2,NEUTRAL,0
25268.32,WALLET,INVALID_CARD,1,NEUTRAL,0
19254.73,AMEX,TIMEOUT,1,NEGATIVE,1
16832.83,UPI,FRAUD_REVIEW,2,NEGATIVE,0
18133.28,WALLET,NETWORK_ERROR,2,POSITIVE,1
19973.88,MASTERCARD,FUNDS_UNAVAILABLE,0,NEGATIVE,1
46858.48,AMEX,INSUFFICIENT_FUNDS,0,NEUTRAL,0
15611.77,VISA,INSUFFICIENT_FUNDS,1,POSITIVE,0
49839.71,UPI,TIMEOUT,0,NEGATIVE,0
1151.01,AMEX,INVALID_CARD,3,NEGATIVE,0
34399.53,MASTERCARD,FUNDS_UNAVAILABLE,0,NEUTRAL,0
18673.26,MASTERCARD,NETWORK_ERROR,2,NEGATIVE,0
34192.88,VISA,INSUFFICIENT_FUNDS,1,POSITIVE,1
15824.6,WALLET,NETWORK_ERROR,0,POSITIVE,1
21000.5,VISA,INSUFFICIENT_FUNDS,2,POSITIVE,1
43168.62,MASTERCARD,NETWORK_ERROR,4,NEUTRAL,0
44551.72,AMEX,DO_NOT_HONOR,3,NEUTRAL,1
41770.73,VISA,FRAUD_REVIEW,1,POSITIVE,0
27627.08,AMEX,NETWORK_ERROR,0,POSITIVE,1
41495.83,VISA,DO_NOT_HONOR,3,NEUTRAL,0
31177.63,AMEX,DO_NOT_HONOR,1,NEGATIVE,0
6102.17,AMEX,NETWORK_ERROR,1,POSITIVE,0
21534.73,WALLET,INVALID_CARD,0,POSITIVE,1
31417.68,VISA,EXPIRED_CARD,2,NEGATIVE,0
8878.27,WALLET,NETWORK_ERROR,2,POSITIVE,0
34364.03,AMEX,FUNDS_UNAVAILABLE,0,NEUTRAL,1
1856.23,UPI,FRAUD_REVIEW,4,NEGATIVE,1
1157.23,WALLET,TIMEOUT,4,POSITIVE,1
19465.5,UPI,FRAUD_REVIEW,2,POSITIVE,0
44792.84,UPI,INVALID_CARD,1,NEGATIVE,0
11046.64,MASTERCARD,INVALID_CARD,2,NEGATIVE,0
49330.21,MASTERCARD,DO_NOT_HONOR,0,NEUTRAL,1
18973.45,MASTERCARD,NETWORK_ERROR,2,POSITIVE,1
31717.58,VISA,INSUFFICIENT_FUNDS,3,POSITIVE,0
15792.56,MASTERCARD,TIMEOUT,1,NEUTRAL,1
26954.5,MASTERCARD,DO_NOT_HONOR,1,NEGATIVE,0
35182.33,MASTERCARD,EXPIRED_CARD,1,NEUTRAL,0
4943.4,VISA,DO_NOT_HONOR,4,POSITIVE,0
44638.88,VISA,NETWORK_ERROR,1,POSITIVE,1
47961.95,WALLET,TIMEOUT,4,NEUTRAL,1
7743.05,VISA,INSUFFICIENT_FUNDS,3,NEUTRAL,0
39770.0,WALLET,DO_NOT_HONOR,2,NEGATIVE,1
48768.75,UPI,NETWORK_ERROR,4,NEGATIVE,0
27242.91,AMEX,FUNDS_UNAVAILABLE,0,POSITIVE,1
29761.12,UPI,INVALID_CARD,1,NEUTRAL,1
47671.91,MASTERCARD,TIMEOUT,1,POSITIVE,0
7244.97,AMEX,NETWORK_ERROR,4,POSITIVE,1
23204.8,UPI,DO_NOT_HONOR,4,POSITIVE,1
22356.9,VISA,NETWORK_ERROR,1,POSITIVE,1
27626.39,MASTERCARD,EXPIRED_CARD,3,NEGATIVE,0
5128.94,WALLET,FUNDS_UNAVAILABLE,0,NEUTRAL,0
26316.76,VISA,FRAUD_REVIEW,0,NEGATIVE,0
4904.27,VISA,INSUFFICIENT_FUNDS,4,NEUTRAL,1
18697.13,WALLET,INSUFFICIENT_FUNDS,4,NEUTRAL,0
23294.75,UPI,FUNDS_UNAVAILABLE,0,NEUTRAL,1
2413.96,VISA,NETWORK_ERROR,1,NEUTRAL,1
40453.13,WALLET,EXPIRED_CARD,0,NEGATIVE,0
30511.09,MASTERCARD,FRAUD_REVIEW,1,NEGATIVE,0
48079.96,AMEX,DO_NOT_HONOR,0,NEGATIVE,1
36174.65,UPI,FUNDS_UNAVAILABLE,0,POSITIVE,1
10844.82,AMEX,FUNDS_UNAVAILABLE,1,POSITIVE,1
7943.26,AMEX,INSUFFICIENT_FUNDS,2,NEUTRAL,1
14082.3,MASTERCARD,FUNDS_UNAVAILABLE,4,NEGATIVE,0
21188.72,AMEX,EXPIRED_CARD,0,NEGATIVE,1
31439.68,VISA,FUNDS_UNAVAILABLE,0,NEGATIVE,1
2725.24,MASTERCARD,EXPIRED_CARD,1,POSITIVE,0
25001.75,MASTERCARD,INSUFFICIENT_FUNDS,1,NEUTRAL,0
2263.16,MASTERCARD,INSUFFICIENT_FUNDS,3,NEUTRAL,0
20476.47,UPI,EXPIRED_CARD,0,NEGATIVE,0
3060.57,WALLET,EXPIRED_CARD,3,NEUTRAL,0
20014.61,WALLET,INSUFFICIENT_FUNDS,4,NEGATIVE,0
38441.68,VISA,FUNDS_UNAVAILABLE,4,POSITIVE,1
44196.33,VISA,FRAUD_REVIEW,2,NEUTRAL,0
2235.66,MASTERCARD,EXPIRED_CARD,0,POSITIVE,1
42138.91,WALLET,INVALID_CARD,0,NEGATIVE,0
8277.68,WALLET,INSUFFICIENT_FUNDS,1,POSITIVE,1
896.81,VISA,NETWORK_ERROR,3,NEGATIVE,0
48448.18,UPI,TIMEOUT,3,POSITIVE,1
35081.23,MASTERCARD,INSUFFICIENT_FUNDS,4,NEGATIVE,0
18230.13,VISA,INVALID_CARD,4,NEUTRAL,0
39204.48,AMEX,DO_NOT_HONOR,3,NEUTRAL,0
9978.09,AMEX,EXPIRED_CARD,1,NEGATIVE,0
625.1,WALLET,TIMEOUT,1,NEUTRAL,1
42356.17,UPI,FUNDS_UNAVAILABLE,3,POSITIVE,1
48439.14,AMEX,EXPIRED_CARD,3,NEGATIVE,0
41471.68,AMEX,NETWORK_ERROR,2,NEGATIVE,1
34023.05,WALLET,DO_NOT_HONOR,4,NEGATIVE,0
49319.17,WALLET,INSUFFICIENT_FUNDS,4,NEUTRAL,1
12157.08,AMEX,INSUFFICIENT_FUNDS,4,NEGATIVE,0
13330.75,MASTERCARD,NETWORK_ERROR,1,POSITIVE,1
48127.8,AMEX,FRAUD_REVIEW,1,NEUTRAL,0
18360.59,MASTERCARD,EXPIRED_CARD,1,NEUTRAL,0
47478.32,VISA,EXPIRED_CARD,0,POSITIVE,0
18419.05,WALLET,FRAUD_REVIEW,3,POSITIVE,0
35994.65,AMEX,FRAUD_REVIEW,3,NEGATIVE,0
13574.44,AMEX,FRAUD_REVIEW,3,NEGATIVE,0
36083.49,AMEX,NETWORK_ERROR,1,NEUTRAL,0
21941.99,WALLET,FRAUD_REVIEW,2,NEUTRAL,0
36461.05,WALLET,TIMEOUT,0,NEUTRAL,1
14161.79,VISA,FUNDS_UNAVAILABLE,2,NEUTRAL,1
26867.22,VISA,NETWORK_ERROR,4,NEUTRAL,0
40775.34,MASTERCARD,TIMEOUT,4,POSITIVE,1
47009.58,WALLET,TIMEOUT,3,NEUTRAL,0
9249.85,MASTERCARD,DO_NOT_HONOR,3,NEUTRAL,1
18523.55,WALLET,INSUFFICIENT_FUNDS,2,POSITIVE,1
46669.63,AMEX,DO_NOT_HONOR,2,NEGATIVE,0
9931.58,MASTERCARD,TIMEOUT,0,NEUTRAL,0
44329.32,MASTERCARD,DO_NOT_HONOR,3,NEGATIVE,0
32957.72,UPI,EXPIRED_CARD,0,NEGATIVE,0
1693.39,VISA,FRAUD_REVIEW,4,NEUTRAL,0
7276.02,VISA,INSUFFICIENT_FUNDS,2,NEGATIVE,0
4800.43,WALLET,INVALID_CARD,2,POSITIVE,1
40819.14,AMEX,FUNDS_UNAVAILABLE,3,NEGATIVE,0
13136.13,UPI,DO_NOT_HONOR,0,NEUTRAL,1
48250.7,VISA,TIMEOUT,2,NEGATIVE,0
11283.71,UPI,FRAUD_REVIEW,3,POSITIVE,0
20135.19,AMEX,TIMEOUT,1,POSITIVE,1
5751.46,VISA,DO_NOT_HONOR,2,POSITIVE,0
46634.97,VISA,DO_NOT_HONOR,2,NEUTRAL,0
32982.61,VISA,DO_NOT_HONOR,0,POSITIVE,1
34184.44,MASTERCARD,INSUFFICIENT_FUNDS,2,POSITIVE,1
33195.89,MASTERCARD,INSUFFICIENT_FUNDS,3,POSITIVE,0
11490.12,WALLET,INSUFFICIENT_FUNDS,1,NEUTRAL,1
31451.82,VISA,FRAUD_REVIEW,1,POSITIVE,1
10066.16,WALLET,NETWORK_ERROR,2,NEGATIVE,1
38823.16,MASTERCARD,DO_NOT_HONOR,4,NEGATIVE,0
36367.47,UPI,EXPIRED_CARD,2,POSITIVE,0
48324.74,AMEX,EXPIRED_CARD,1,POSITIVE,1
32068.84,UPI,EXPIRED_CARD,4,POSITIVE,0
30248.81,MASTERCARD,DO_NOT_HONOR,2,NEUTRAL,0
34621.26,MASTERCARD,NETWORK_ERROR,1,POSITIVE,1
21455.71,WALLET,NETWORK_ERROR,0,NEUTRAL,1
45388.42,WALLET,FRAUD_REVIEW,0,NEGATIVE,0
30435.29,VISA,FUNDS_UNAVAILABLE,1,NEUTRAL,1
905.14,VISA,FUNDS_UNAVAILABLE,3,POSITIVE,1
42297.02,WALLET,EXPIRED_CARD,4,NEGATIVE,0
48103.05,VISA,FRAUD_REVIEW,3,NEGATIVE,0
26799.79,AMEX,TIMEOUT,3,POSITIVE,1
37736.83,MASTERCARD,FUNDS_UNAVAILABLE,1,POSITIVE,0
49127.09,MASTERCARD,FUNDS_UNAVAILABLE,4,POSITIVE,0
37768.19,AMEX,INVALID_CARD,1,NEUTRAL,0
33583.58,WALLET,FUNDS_UNAVAILABLE,1,POSITIVE,1
17816.2,VISA,TIMEOUT,1,NEGATIVE,0
17009.19,AMEX,DO_NOT_HONOR,3,POSITIVE,0
31844.5,UPI,EXPIRED_CARD,0,NEGATIVE,1
2960.01,UPI,FRAUD_REVIEW,2,POSITIVE,0
514.38,AMEX,EXPIRED_CARD,4,NEUTRAL,0
32729.42,AMEX,FUNDS_UNAVAILABLE,0,NEGATIVE,1
38783.46,MASTERCARD,TIMEOUT,0,NEGATIVE,0
33265.72,MASTERCARD,FRAUD_REVIEW,2,NEUTRAL,0
36578.78,UPI,DO_NOT_HONOR,2,NEUTRAL,1
3821.53,MASTERCARD,INSUFFICIENT_FUNDS,2,POSITIVE,1
36074.92,VISA,INSUFFICIENT_FUNDS,4,NEGATIVE,0
21527.61,VISA,INSUFFICIENT_FUNDS,4,NEGATIVE,0
49241.34,WALLET,NETWORK_ERROR,3,NEGATIVE,0
40281.71,VISA,FRAUD_REVIEW,0,POSITIVE,1
8602.62,MASTERCARD,DO_NOT_HONOR,0,NEGATIVE,0
24907.29,MASTERCARD,INSUFFICIENT_FUNDS,1,NEUTRAL,1
10248.91,MASTERCARD,TIMEOUT,4,NEUTRAL,0
28413.17,UPI,TIMEOUT,0,NEGATIVE,0
23833.41,VISA,FUNDS_UNAVAILABLE,3,NEUTRAL,0
11719.95,WALLET,FUNDS_UNAVAILABLE,1,NEUTRAL,0
33812.51,VISA,FRAUD_REVIEW,2,NEGATIVE,0
26614.81,WALLET,FRAUD_REVIEW,4,NEUTRAL,0
42064.87,MASTERCARD,INVALID_CARD,1,POSITIVE,0
31572.27,UPI,NETWORK_ERROR,2,POSITIVE,1
25722.21,WALLET,NETWORK_ERROR,1,POSITIVE,1
2474.9,VISA,INSUFFICIENT_FUNDS,2,POSITIVE,0
24417.24,UPI,INVALID_CARD,2,NEGATIVE,0
40017.14,AMEX,FRAUD_REVIEW,0,NEGATIVE,1
7185.97,WALLET,FRAUD_REVIEW,3,NEUTRAL,0
33335.99,UPI,FRAUD_REVIEW,3,NEUTRAL,0
29735.68,AMEX,INSUFFICIENT_FUNDS,3,POSITIVE,1
17508.42,VISA,INVALID_CARD,2,POSITIVE,1
12364.34,AMEX,EXPIRED_CARD,3,POSITIVE,1
37007.92,AMEX,TIMEOUT,4,POSITIVE,0
22180.7,VISA,NETWORK_ERROR,1,NEGATIVE,0
11292.46,MASTERCARD,DO_NOT_HONOR,2,NEGATIVE,0
596.26,AMEX,NETWORK_ERROR,0,POSITIVE,1
23241.09,MASTERCARD,TIMEOUT,2,POSITIVE,0
42695.6,WALLET,INVALID_CARD,4,NEGATIVE,0
42056.7,AMEX,TIMEOUT,2,NEUTRAL,1
21844.3,AMEX,NETWORK_ERROR,2,NEUTRAL,0
15508.1,AMEX,INSUFFICIENT_FUNDS,2,NEGATIVE,1
28555.4,WALLET,EXPIRED_CARD,4,POSITIVE,0
47248.55,AMEX,INVALID_CARD,4,NEUTRAL,0
28831.01,AMEX,TIMEOUT,2,POSITIVE,1
33865.88,WALLET,FUNDS_UNAVAILABLE,1,POSITIVE,1
16543.76,UPI,FUNDS_UNAVAILABLE,4,NEGATIVE,0
46771.93,WALLET,INVALID_CARD,0,POSITIVE,1
48373.44,WALLET,FRAUD_REVIEW,1,POSITIVE,0
5934.15,UPI,DO_NOT_HONOR,3,NEUTRAL,1
42610.96,AMEX,EXPIRED_CARD,2,NEGATIVE,0
20757.37,AMEX,FRAUD_REVIEW,4,POSITIVE,0
6457.91,MASTERCARD,DO_NOT_HONOR,0,NEUTRAL,1
21755.3,AMEX,TIMEOUT,0,POSITIVE,1
11327.61,VISA,DO_NOT_HONOR,1,NEGATIVE,0
5510.48,VISA,EXPIRED_CARD,3,NEUTRAL,0
43243.09,WALLET,TIMEOUT,1,NEUTRAL,1
31474.62,UPI,DO_NOT_HONOR,4,NEUTRAL,0
4128.29,WALLET,EXPIRED_CARD,0,NEUTRAL,0
27717.01,MASTERCARD,INVALID_CARD,2,NEUTRAL,0
4415.17,MASTERCARD,NETWORK_ERROR,0,POSITIVE,1
9341.65,UPI,FUNDS_UNAVAILABLE,1,POSITIVE,0
9906.16,UPI,INVALID_CARD,1,NEUTRAL,0
32869.96,VISA,INVALID_CARD,1,NEGATIVE,0
29056.39,WALLET,TIMEOUT,4,POSITIVE,1
39615.19,AMEX,FUNDS_UNAVAILABLE,4,NEUTRAL,0
29211.82,VISA,FUNDS_UNAVAILABLE,0,NEGATIVE,0
24467.32,AMEX,INSUFFICIENT_FUNDS,3,NEUTRAL,1
2069.49,MASTERCARD,NETWORK_ERROR,0,POSITIVE,1
39738.17,AMEX,DO_NOT_HONOR,1,POSITIVE,1
30553.2,AMEX,TIMEOUT,3,NEUTRAL,1
37630.0,MASTERCARD,EXPIRED_CARD,1,POSITIVE,0
7835.24,MASTERCARD,DO_NOT_HONOR,1,POSITIVE,1
20183.38,VISA,EXPIRED_CARD,1,POSITIVE,1
11129.09,AMEX,TIMEOUT,3,NEUTRAL,1
34674.45,UPI,FRAUD_REVIEW,2,POSITIVE,0
21458.03,UPI,NETWORK_ERROR,2,POSITIVE,0
3021.94,AMEX,NETWORK_ERROR,1,POSITIVE,1
45194.87,MASTERCARD,INVALID_CARD,3,POSITIVE,0
10995.88,MASTERCARD,DO_NOT_HONOR,1,NEGATIVE,1
3591.45,WALLET,DO_NOT_HONOR,0,NEUTRAL,1
47889.07,MASTERCARD,INVALID_CARD,0,NEUTRAL,1
40753.35,UPI,INVALID_CARD,4,NEUTRAL,0
47930.38,UPI,FRAUD_REVIEW,2,NEUTRAL,0
31190.47,WALLET,FUNDS_UNAVAILABLE,2,POSITIVE,1
32062.97,MASTERCARD,FRAUD_REVIEW,1,NEGATIVE,0
7587.23,WALLET,INSUFFICIENT_FUNDS,1,POSITIVE,1
2197.14,WALLET,NETWORK_ERROR,3,NEUTRAL,0
14231.02,AMEX,FUNDS_UNAVAILABLE,1,NEUTRAL,1
9543.8,WALLET,INSUFFICIENT_FUNDS,1,POSITIVE,1
4480.44,VISA,INSUFFICIENT_FUNDS,4,NEUTRAL,0
2289.79,AMEX,TIMEOUT,4,POSITIVE,0
44564.6,VISA,FRAUD_REVIEW,0,NEUTRAL,0
1995.47,MASTERCARD,FUNDS_UNAVAILABLE,2,POSITIVE,1
31047.43,AMEX,NETWORK_ERROR,1,NEGATIVE,1
44310.33,VISA,FRAUD_REVIEW,0,POSITIVE,1
45284.74,UPI,INVALID_CARD,1,POSITIVE,0
9253.04,VISA,NETWORK_ERROR,2,POSITIVE,1
18908.89,UPI,NETWORK_ERROR,2,NEGATIVE,0
19248.51,MASTERCARD,EXPIRED_CARD,0,NEGATIVE,0
9936.0,AMEX,INVALID_CARD,2,NEUTRAL,0
41708.99,AMEX,FRAUD_REVIEW,4,NEGATIVE,0
16663.56,AMEX,FRAUD_REVIEW,0,POSITIVE,1
18834.71,UPI,NETWORK_ERROR,0,NEGATIVE,0
15798.45,UPI,FRAUD_REVIEW,2,NEGATIVE,0
9246.63,UPI,EXPIRED_CARD,1,NEGATIVE,0
20822.92,AMEX,FUNDS_UNAVAILABLE,3,NEUTRAL,0
39780.56,MASTERCARD,NETWORK_ERROR,4,POSITIVE,1
4211.56,UPI,NETWORK_ERROR,4,POSITIVE,1
30308.41,VISA,NETWORK_ERROR,4,NEGATIVE,0
7715.29,AMEX,INSUFFICIENT_FUNDS,0,NEUTRAL,0
47761.5,UPI,EXPIRED_CARD,0,POSITIVE,0
15927.07,WALLET,TIMEOUT,1,NEUTRAL,1
33485.08,MASTERCARD,TIMEOUT,1,NEGATIVE,0
33271.2,MASTERCARD,DO_NOT_HONOR,3,NEUTRAL,1
33229.62,WALLET,DO_NOT_HONOR,4,NEUTRAL,1
10397.18,VISA,EXPIRED_CARD,4,POSITIVE,1
28780.05,MASTERCARD,FUNDS_UNAVAILABLE,0,NEGATIVE,1
42555.09,VISA,FUNDS_UNAVAILABLE,0,NEUTRAL,0
25665.82,VISA,NETWORK_ERROR,4,POSITIVE,0
27263.31,WALLET,FRAUD_REVIEW,3,NEUTRAL,0
5378.26,WALLET,INSUFFICIENT_FUNDS,4,NEUTRAL,0
26954.24,UPI,INVALID_CARD,2,POSITIVE,0
33751.22,VISA,TIMEOUT,1,NEGATIVE,0
45795.2,UPI,FRAUD_REVIEW,4,NEUTRAL,0
15821.18,AMEX,TIMEOUT,3,NEUTRAL,0
20084.93,AMEX,INSUFFICIENT_FUNDS,4,NEUTRAL,0
11042.03,MASTERCARD,INSUFFICIENT_FUNDS,4,POSITIVE,0
21918.71,MASTERCARD,FUNDS_UNAVAILABLE,0,POSITIVE,1
15420.79,VISA,DO_NOT_HONOR,2,POSITIVE,1
26688.5,VISA,INVALID_CARD,3,NEGATIVE,0
28503.93,VISA,INSUFFICIENT_FUNDS,3,NEGATIVE,0
41304.04,UPI,INVALID_CARD,4,NEGATIVE,0
32654.05,WALLET,EXPIRED_CARD,0,NEGATIVE,0
3039.25,UPI,TIMEOUT,3,POSITIVE,0
37307.28,VISA,DO_NOT_HONOR,0,NEUTRAL,0
37450.19,WALLET,NETWORK_ERROR,1,NEGATIVE,1
43673.82,VISA,NETWORK_ERROR,0,NEUTRAL,0
13653.61,WALLET,EXPIRED_CARD,4,NEGATIVE,1
17892.85,MASTERCARD,TIMEOUT,4,POSITIVE,0
28314.85,WALLET,DO_NOT_HONOR,0,NEUTRAL,1
34935.82,MASTERCARD,FRAUD_REVIEW,3,POSITIVE,0
9030.06,WALLET,EXPIRED_CARD,4,NEGATIVE,0
33724.11,MASTERCARD,EXPIRED_CARD,3,NEUTRAL,0
4348.43,AMEX,INSUFFICIENT_FUNDS,4,NEUTRAL,1
22852.81,MASTERCARD,TIMEOUT,4,NEUTRAL,0
5611.28,VISA,EXPIRED_CARD,1,NEGATIVE,0
8011.19,MASTERCARD,FUNDS_UNAVAILABLE,0,NEGATIVE,0
25503.47,MASTERCARD,NETWORK_ERROR,1,NEUTRAL,0
36470.48,VISA,FRAUD_REVIEW,2,NEGATIVE,0
36866.9,VISA,TIMEOUT,3,NEUTRAL,0
32602.0,UPI,NETWORK_ERROR,4,POSITIVE,1
44962.93,WALLET,INSUFFICIENT_FUNDS,2,POSITIVE,0
31134.26,UPI,FRAUD_REVIEW,3,POSITIVE,0
25257.77,VISA,NETWORK_ERROR,4,NEUTRAL,0
26755.4,MASTERCARD,INVALID_CARD,2,NEGATIVE,0
36774.33,VISA,FUNDS_UNAVAILABLE,3,NEUTRAL,0
47676.38,UPI,TIMEOUT,1,NEGATIVE,0
28822.36,VISA,FUNDS_UNAVAILABLE,2,NEUTRAL,1
30913.78,WALLET,FUNDS_UNAVAILABLE,2,NEUTRAL,1
13786.87,UPI,DO_NOT_HONOR,3,NEGATIVE,0
6997.88,WALLET,DO_NOT_HONOR,3,NEUTRAL,0
7307.43,WALLET,TIMEOUT,3,NEGATIVE,0
15364.74,UPI,TIMEOUT,3,POSITIVE,0
27751.64,WALLET,FRAUD_REVIEW,2,NEGATIVE,0
12894.52,AMEX,INVALID_CARD,3,NEUTRAL,0
25551.14,WALLET,INVALID_CARD,0,NEUTRAL,0
14590.97,UPI,NETWORK_ERROR,1,NEUTRAL,0
26914.45,WALLET,INSUFFICIENT_FUNDS,3,NEUTRAL,0
26778.47,AMEX,INVALID_CARD,2,POSITIVE,0
8499.93,WALLET,TIMEOUT,0,NEUTRAL,0
6089.73,VISA,FUNDS_UNAVAILABLE,3,POSITIVE,0
2146.41,UPI,INVALID_CARD,4,NEGATIVE,0
1100.29,WALLET,FUNDS_UNAVAILABLE,2,NEGATIVE,0
18056.75,VISA,EXPIRED_CARD,0,NEGATIVE,0
28742.09,MASTERCARD,DO_NOT_HONOR,2,NEUTRAL,1
40777.22,WALLET,EXPIRED_CARD,4,NEGATIVE,0
13243.19,VISA,NETWORK_ERROR,3,POSITIVE,1
46287.63,UPI,NETWORK_ERROR,0,POSITIVE,1
2487.03,AMEX,TIMEOUT,3,POSITIVE,0
43498.05,WALLET,NETWORK_ERROR,1,POSITIVE,0
47525.72,UPI,INVALID_CARD,0,NEGATIVE,0
28353.6,UPI,INVALID_CARD,3,NEUTRAL,0
25232.15,UPI,DO_NOT_HONOR,0,NEGATIVE,1
20839.38,VISA,DO_NOT_HONOR,0,NEGATIVE,0
21500.79,VISA,DO_NOT_HONOR,1,NEUTRAL,0
15290.2,AMEX,FUNDS_UNAVAILABLE,4,NEGATIVE,0
19791.05,AMEX,NETWORK_ERROR,3,NEGATIVE,0
20163.29,AMEX,FUNDS_UNAVAILABLE,2,POSITIVE,1
39412.39,MASTERCARD,INSUFFICIENT_FUNDS,2,NEUTRAL,0
21922.16,UPI,FUNDS_UNAVAILABLE,2,NEUTRAL,0
9374.99,MASTERCARD,INSUFFICIENT_FUNDS,4,POSITIVE,1
10929.65,AMEX,FRAUD_REVIEW,0,NEUTRAL,0
24123.94,UPI,INVALID_CARD,4,NEUTRAL,0
16418.88,WALLET,EXPIRED_CARD,4,NEUTRAL,0
5000.17,MASTERCARD,EXPIRED_CARD,2,POSITIVE,0
4275.42,MASTERCARD,INVALID_CARD,2,NEGATIVE,0
5261.04,WALLET,DO_NOT_HONOR,0,NEGATIVE,1
6560.74,MASTERCARD,INSUFFICIENT_FUNDS,0,NEGATIVE,0
11994.06,MASTERCARD,FRAUD_REVIEW,3,POSITIVE,0
13680.86,WALLET,EXPIRED_CARD,4,NEUTRAL,0
35675.8,AMEX,NETWORK_ERROR,1,POSITIVE,1
15402.64,AMEX,FUNDS_UNAVAILABLE,2,POSITIVE,1
48879.42,AMEX,FRAUD_REVIEW,2,NEGATIVE,0
3514.69,AMEX,DO_NOT_HONOR,4,NEGATIVE,1
15563.99,VISA,INVALID_CARD,3,NEUTRAL,0
23686.47,AMEX,EXPIRED_CARD,2,POSITIVE,1
43717.48,AMEX,INSUFFICIENT_FUNDS,3,POSITIVE,1
15153.96,WALLET,FRAUD_REVIEW,1,NEUTRAL,0
45084.84,MASTERCARD,DO_NOT_HONOR,2,POSITIVE,1
26808.92,MASTERCARD,EXPIRED_CARD,0,NEGATIVE,0
4340.67,VISA,EXPIRED_CARD,1,NEGATIVE,0
30123.59,MASTERCARD,TIMEOUT,0,NEGATIVE,0
26840.41,MASTERCARD,INSUFFICIENT_FUNDS,2,POSITIVE,1
23865.85,VISA,INVALID_CARD,4,NEUTRAL,0
34276.71,AMEX,FUNDS_UNAVAILABLE,0,NEUTRAL,0
20547.97,MASTERCARD,NETWORK_ERROR,1,NEUTRAL,0
39255.6,VISA,INSUFFICIENT_FUNDS,4,NEGATIVE,0
17940.77,UPI,EXPIRED_CARD,2,NEUTRAL,0
24928.89,UPI,FRAUD_REVIEW,3,POSITIVE,0
19995.03,VISA,INVALID_CARD,1,POSITIVE,0
7000.28,WALLET,INVALID_CARD,3,NEGATIVE,0
13247.26,AMEX,DO_NOT_HONOR,4,NEGATIVE,0
39556.77,VISA,INSUFFICIENT_FUNDS,0,NEGATIVE,0
17146.16,MASTERCARD,DO_NOT_HONOR,4,POSITIVE,0
34251.15,AMEX,FUNDS_UNAVAILABLE,0,NEGATIVE,1
29803.66,WALLET,INVALID_CARD,2,POSITIVE,0
19615.15,WALLET,INVALID_CARD,4,NEGATIVE,0
22999.49,AMEX,FRAUD_REVIEW,1,NEGATIVE,0
18672.58,UPI,NETWORK_ERROR,4,NEUTRAL,0
6495.64,WALLET,INSUFFICIENT_FUNDS,4,POSITIVE,1
3758.56,WALLET,FRAUD_REVIEW,4,NEGATIVE,0
33196.21,VISA,FUNDS_UNAVAILABLE,2,NEGATIVE,0
32037.03,UPI,INSUFFICIENT_FUNDS,3,POSITIVE,0
37580.52,WALLET,INVALID_CARD,2,NEUTRAL,0
39537.4,MASTERCARD,TIMEOUT,3,POSITIVE,0
19682.69,WALLET,INSUFFICIENT_FUNDS,0,POSITIVE,1
31982.13,MASTERCARD,NETWORK_ERROR,3,NEGATIVE,0
4279.42,MASTERCARD,FRAUD_REVIEW,4,POSITIVE,0
45838.49,WALLET,DO_NOT_HONOR,0,NEGATIVE,0
32903.22,WALLET,FUNDS_UNAVAILABLE,0,NEUTRAL,1
2540.31,AMEX,FUNDS_UNAVAILABLE,4,NEUTRAL,0
29343.02,MASTERCARD,NETWORK_ERROR,0,NEGATIVE,0
15791.43,WALLET,DO_NOT_HONOR,3,NEGATIVE,1
41839.5,AMEX,EXPIRED_CARD,1,NEGATIVE,0
37357.21,VISA,INSUFFICIENT_FUNDS,4,POSITIVE,0
4175.05,MASTERCARD,FUNDS_UNAVAILABLE,4,NEUTRAL,0
32386.65,AMEX,NETWORK_ERROR,0,POSITIVE,1
2304.67,VISA,NETWORK_ERROR,4,POSITIVE,0
35915.51,VISA,INVALID_CARD,2,POSITIVE,0
15106.98,UPI,EXPIRED_CARD,3,POSITIVE,0
46646.78,WALLET,FRAUD_REVIEW,1,NEUTRAL,0
7165.07,UPI,INSUFFICIENT_FUNDS,1,NEGATIVE,1
36087.1,UPI,EXPIRED_CARD,1,NEUTRAL,1
31010.36,VISA,NETWORK_ERROR,4,NEUTRAL,0
48833.3,UPI,INSUFFICIENT_FUNDS,2,NEGATIVE,0
22628.07,MASTERCARD,INSUFFICIENT_FUNDS,2,NEUTRAL,0
12122.56,UPI,FUNDS_UNAVAILABLE,2,NEUTRAL,0
5961.37,UPI,INVALID_CARD,1,NEUTRAL,0
30749.53,MASTERCARD,EXPIRED_CARD,3,NEUTRAL,0
1603.02,MASTERCARD,TIMEOUT,3,NEUTRAL,1
45722.81,AMEX,FUNDS_UNAVAILABLE,4,POSITIVE,1
12893.39,VISA,TIMEOUT,0,POSITIVE,0
31247.9,UPI,NETWORK_ERROR,1,NEUTRAL,1
40943.14,AMEX,TIMEOUT,2,POSITIVE,0
48174.06,VISA,EXPIRED_CARD,4,NEGATIVE,1
24622.66,MASTERCARD,DO_NOT_HONOR,2,POSITIVE,1
10584.83,MASTERCARD,INSUFFICIENT_FUNDS,2,NEGATIVE,1
13675.29,VISA,EXPIRED_CARD,4,NEUTRAL,0
46342.94,WALLET,TIMEOUT,4,POSITIVE,1
20226.17,WALLET,DO_NOT_HONOR,4,POSITIVE,1
26921.74,AMEX,FRAUD_REVIEW,2,NEUTRAL,0
17660.13,MASTERCARD,NETWORK_ERROR,4,NEGATIVE,0
6962.08,UPI,INSUFFICIENT_FUNDS,3,NEUTRAL,0
1259.39,UPI,INSUFFICIENT_FUNDS,0,NEUTRAL,0
41073.89,VISA,EXPIRED_CARD,2,POSITIVE,0
38048.33,VISA,FRAUD_REVIEW,1,NEGATIVE,0
32664.6,AMEX,EXPIRED_CARD,1,POSITIVE,1
38096.85,UPI,DO_NOT_HONOR,2,POSITIVE,1
619.75,VISA,INSUFFICIENT_FUNDS,2,POSITIVE,1
31918.4,UPI,DO_NOT_HONOR,1,NEGATIVE,1
6835.37,AMEX,FUNDS_UNAVAILABLE,0,NEUTRAL,1
42399.64,MASTERCARD,INSUFFICIENT_FUNDS,4,POSITIVE,0
17933.75,UPI,FUNDS_UNAVAILABLE,0,NEUTRAL,0
3500.98,VISA,FRAUD_REVIEW,4,NEGATIVE,0
28338.3,MASTERCARD,INVALID_CARD,2,POSITIVE,0
32233.68,VISA,FRAUD_REVIEW,4,NEUTRAL,0
31787.73,MASTERCARD,FUNDS_UNAVAILABLE,2,NEGATIVE,0
1602.43,WALLET,FRAUD_REVIEW,1,NEGATIVE,0
12936.81,WALLET,TIMEOUT,1,POSITIVE,1
4090.81,UPI,INVALID_CARD,1,POSITIVE,1
13397.73,MASTERCARD,FUNDS_UNAVAILABLE,3,POSITIVE,1
41456.17,VISA,DO_NOT_HONOR,1,NEUTRAL,1
21694.73,UPI,EXPIRED_CARD,0,NEUTRAL,1
27398.54,UPI,FUNDS_UNAVAILABLE,0,POSITIVE,1
1783.52,AMEX,EXPIRED_CARD,3,NEUTRAL,0
3689.91,AMEX,EXPIRED_CARD,3,NEGATIVE,0
696.82,UPI,FRAUD_REVIEW,4,NEUTRAL,1
4969.83,MASTERCARD,FUNDS_UNAVAILABLE,2,NEGATIVE,0
1494.64,UPI,EXPIRED_CARD,4,NEUTRAL,0
37681.23,VISA,FRAUD_REVIEW,1,POSITIVE,1
10368.85,UPI,DO_NOT_HONOR,4,NEUTRAL,0
32823.28,UPI,FUNDS_UNAVAILABLE,1,POSITIVE,1
41216.65,AMEX,INVALID_CARD,3,POSITIVE,0
5725.78,MASTERCARD,INSUFFICIENT_FUNDS,3,POSITIVE,0
15458.38,UPI,DO_NOT_HONOR,1,POSITIVE,1
14798.16,MASTERCARD,FUNDS_UNAVAILABLE,2,POSITIVE,1
19986.11,MASTERCARD,NETWORK_ERROR,1,POSITIVE,0
13639.93,VISA,FUNDS_UNAVAILABLE,0,NEGATIVE,1
37147.01,UPI,FRAUD_REVIEW,1,NEUTRAL,0
10570.56,MASTERCARD,TIMEOUT,2,NEUTRAL,1
46162.87,UPI,TIMEOUT,0,NEGATIVE,1
40953.39,WALLET,DO_NOT_HONOR,1,NEUTRAL,0
41392.63,AMEX,NETWORK_ERROR,0,NEUTRAL,1
5467.28,WALLET,INSUFFICIENT_FUNDS,2,NEGATIVE,0
42111.36,MASTERCARD,TIMEOUT,4,NEUTRAL,0
35215.31,WALLET,TIMEOUT,2,NEUTRAL,0
39599.95,WALLET,TIMEOUT,1,POSITIVE,1
49956.54,VISA,INVALID_CARD,2,NEUTRAL,0
25656.36,MASTERCARD,FRAUD_REVIEW,4,POSITIVE,0
5654.87,VISA,FRAUD_REVIEW,2,NEGATIVE,0
6705.35,UPI,INVALID_CARD,0,POSITIVE,1
36901.46,WALLET,EXPIRED_CARD,3,NEGATIVE,0
31341.3,MASTERCARD,NETWORK_ERROR,1,NEUTRAL,1
25591.1,AMEX,FRAUD_REVIEW,0,NEGATIVE,0
11355.27,WALLET,TIMEOUT,2,NEUTRAL,1
7572.1,VISA,FUNDS_UNAVAILABLE,0,POSITIVE,1
36397.27,MASTERCARD,DO_NOT_HONOR,2,NEUTRAL,1
10565.24,MASTERCARD,DO_NOT_HONOR,0,POSITIVE,1
26046.06,MASTERCARD,INVALID_CARD,3,NEUTRAL,0
5739.25,VISA,DO_NOT_HONOR,4,NEGATIVE,0
38951.62,VISA,INSUFFICIENT_FUNDS,2,POSITIVE,1
331.98,WALLET,INSUFFICIENT_FUNDS,3,NEGATIVE,0
31463.22,MASTERCARD,FUNDS_UNAVAILABLE,3,POSITIVE,0
37159.8,WALLET,FRAUD_REVIEW,4,POSITIVE,0
27180.5,AMEX,INVALID_CARD,4,POSITIVE,0
43356.72,WALLET,TIMEOUT,3,NEUTRAL,0
2223.4,VISA,INVALID_CARD,1,POSITIVE,1
44537.87,MASTERCARD,FRAUD_REVIEW,0,POSITIVE,0
4441.12,VISA,NETWORK_ERROR,2,NEUTRAL,1
38009.63,AMEX,FUNDS_UNAVAILABLE,0,POSITIVE,1
40285.01,VISA,INSUFFICIENT_FUNDS,2,POSITIVE,1
12110.84,UPI,TIMEOUT,0,NEUTRAL,1
47183.79,WALLET,INVALID_CARD,2,NEGATIVE,0
13812.24,UPI,TIMEOUT,3,POSITIVE,0
4955.43,WALLET,FUNDS_UNAVAILABLE,2,NEGATIVE,0
40543.64,WALLET,INSUFFICIENT_FUNDS,4,POSITIVE,0
32700.39,WALLET,FRAUD_REVIEW,4,NEUTRAL,0
7634.73,UPI,FUNDS_UNAVAILABLE,0,NEGATIVE,1
44384.68,UPI,INVALID_CARD,2,POSITIVE,0
39525.5,AMEX,EXPIRED_CARD,3,NEUTRAL,0
46541.5,AMEX,FRAUD_REVIEW,0,POSITIVE,1
8141.62,VISA,FUNDS_UNAVAILABLE,4,NEGATIVE,0
27537.81,UPI,INSUFFICIENT_FUNDS,1,NEGATIVE,0
17428.39,VISA,INVALID_CARD,3,POSITIVE,0
3229.45,WALLET,FUNDS_UNAVAILABLE,1,POSITIVE,1
20538.25,VISA,INSUFFICIENT_FUNDS,1,NEGATIVE,1
7337.55,VISA,DO_NOT_HONOR,0,NEGATIVE,0
45387.29,MASTERCARD,FUNDS_UNAVAILABLE,4,NEGATIVE,0
31431.91,VISA,NETWORK_ERROR,0,POSITIVE,1
45241.58,WALLET,NETWORK_ERROR,0,NEUTRAL,0
21874.26,AMEX,EXPIRED_CARD,2,NEUTRAL,0
2490.97,AMEX,FUNDS_UNAVAILABLE,1,NEUTRAL,1
11094.4,AMEX,TIMEOUT,0,POSITIVE,1
16778.24,VISA,NETWORK_ERROR,3,NEGATIVE,0
31370.89,MASTERCARD,INVALID_CARD,3,POSITIVE,0
17616.17,UPI,INSUFFICIENT_FUNDS,3,NEUTRAL,0
8326.46,AMEX,INSUFFICIENT_FUNDS,1,NEUTRAL,0
9326.99,UPI,DO_NOT_HONOR,4,NEUTRAL,0
35238.9,UPI,NETWORK_ERROR,3,POSITIVE,0
13947.88,VISA,FRAUD_REVIEW,3,NEGATIVE,0
42841.71,AMEX,INVALID_CARD,3,NEUTRAL,0
33187.09,WALLET,DO_NOT_HONOR,1,NEUTRAL,1
20756.49,VISA,INVALID_CARD,4,NEGATIVE,0
15206.59,MASTERCARD,FUNDS_UNAVAILABLE,1,NEUTRAL,0
40622.41,AMEX,DO_NOT_HONOR,2,NEGATIVE,0
36998.25,UPI,FUNDS_UNAVAILABLE,0,POSITIVE,1
39573.37,UPI,INVALID_CARD,4,NEGATIVE,0
8348.62,AMEX,FUNDS_UNAVAILABLE,0,NEUTRAL,0
13965.33,AMEX,INSUFFICIENT_FUNDS,0,POSITIVE,1
30700.46,MASTERCARD,INSUFFICIENT_FUNDS,4,POSITIVE,0
325.57,UPI,EXPIRED_CARD,2,POSITIVE,1
29420.62,AMEX,FUNDS_UNAVAILABLE,0,NEGATIVE,0
29416.99,UPI,DO_NOT_HONOR,3,NEUTRAL,1
38751.75,AMEX,INSUFFICIENT_FUNDS,0,POSITIVE,1
8217.69,AMEX,INVALID_CARD,1,NEGATIVE,0
4296.63,MASTERCARD,EXPIRED_CARD,0,POSITIVE,0
2737.69,WALLET,TIMEOUT,0,POSITIVE,1
5203.91,WALLET,TIMEOUT,0,POSITIVE,1
3311.6,MASTERCARD,INSUFFICIENT_FUNDS,4,NEUTRAL,0
29692.89,WALLET,DO_NOT_HONOR,0,POSITIVE,1
1815.2,VISA,EXPIRED_CARD,2,NEUTRAL,0
12186.95,UPI,INSUFFICIENT_FUNDS,4,NEUTRAL,0
27827.84,VISA,INSUFFICIENT_FUNDS,3,POSITIVE,0
47007.36,WALLET,DO_NOT_HONOR,4,NEUTRAL,1
32471.11,UPI,NETWORK_ERROR,2,POSITIVE,1
4036.66,UPI,NETWORK_ERROR,1,NEUTRAL,1
35367.21,VISA,FRAUD_REVIEW,1,NEGATIVE,0
43387.97,UPI,DO_NOT_HONOR,3,POSITIVE,0
30017.47,VISA,EXPIRED_CARD,3,POSITIVE,0
5468.02,VISA,INSUFFICIENT_FUNDS,4,NEUTRAL,0
7900.51,MASTERCARD,TIMEOUT,2,NEUTRAL,1
6206.6,MASTERCARD,FRAUD_REVIEW,2,POSITIVE,1
43939.67,WALLET,INSUFFICIENT_FUNDS,0,POSITIVE,1
27442.09,WALLET,NETWORK_ERROR,2,NEUTRAL,0
25124.96,VISA,FUNDS_UNAVAILABLE,2,NEGATIVE,0
9868.9,MASTERCARD,EXPIRED_CARD,3,POSITIVE,1
41247.18,UPI,DO_NOT_HONOR,3,NEGATIVE,0
19244.85,AMEX,FRAUD_REVIEW,2,NEUTRAL,0
1192.17,UPI,NETWORK_ERROR,0,NEUTRAL,1
6096.03,WALLET,NETWORK_ERROR,1,POSITIVE,1
36842.83,UPI,INVALID_CARD,1,NEUTRAL,1
24121.07,VISA,EXPIRED_CARD,1,NEUTRAL,1
47062.64,WALLET,INVALID_CARD,1,NEUTRAL,0
35200.25,VISA,EXPIRED_CARD,4,POSITIVE,0
42792.92,WALLET,INSUFFICIENT_FUNDS,1,POSITIVE,1
45661.16,UPI,INSUFFICIENT_FUNDS,0,NEUTRAL,0
2533.17,VISA,NETWORK_ERROR,0,NEUTRAL,1
18363.47,WALLET,TIMEOUT,2,NEUTRAL,0
12404.39,WALLET,NETWORK_ERROR,1,NEUTRAL,1
4854.93,AMEX,DO_NOT_HONOR,0,NEUTRAL,0
21146.43,MASTERCARD,FRAUD_REVIEW,4,NEGATIVE,0
42805.03,VISA,NETWORK_ERROR,3,POSITIVE,0
16183.39,VISA,FUNDS_UNAVAILABLE,4,POSITIVE,0
45398.85,AMEX,INSUFFICIENT_FUNDS,1,POSITIVE,1
38300.83,UPI,INSUFFICIENT_FUNDS,2,NEUTRAL,1
18943.75,VISA,FRAUD_REVIEW,1,POSITIVE,0
1139.27,AMEX,INVALID_CARD,3,NEGATIVE,0
18616.62,AMEX,TIMEOUT,3,NEUTRAL,1
18033.53,UPI,INSUFFICIENT_FUNDS,0,NEUTRAL,1
41380.12,UPI,INSUFFICIENT_FUNDS,2,NEUTRAL,0
37784.0,UPI,EXPIRED_CARD,3,NEGATIVE,0
10982.35,UPI,NETWORK_ERROR,2,POSITIVE,1
38860.57,UPI,INVALID_CARD,0,NEUTRAL,0
16351.02,UPI,FUNDS_UNAVAILABLE,3,POSITIVE,1
8803.36,AMEX,TIMEOUT,4,NEUTRAL,0
44696.45,MASTERCARD,INVALID_CARD,0,NEUTRAL,0
12683.45,VISA,FRAUD_REVIEW,3,NEGATIVE,0
24016.09,VISA,EXPIRED_CARD,2,POSITIVE,0
48351.38,UPI,FRAUD_REVIEW,3,NEGATIVE,0
30266.35,MASTERCARD,TIMEOUT,4,NEUTRAL,0
20440.56,VISA,INVALID_CARD,4,NEGATIVE,0
29647.82,MASTERCARD,FUNDS_UNAVAILABLE,0,NEGATIVE,1
18651.71,MASTERCARD,INVALID_CARD,0,NEUTRAL,0
34427.75,WALLET,FUNDS_UNAVAILABLE,3,POSITIVE,0
37161.74,AMEX,FRAUD_REVIEW,3,NEUTRAL,0
15850.68,AMEX,TIMEOUT,3,POSITIVE,0
25109.54,UPI,FRAUD_REVIEW,2,NEUTRAL,0
21929.44,VISA,DO_NOT_HONOR,1,NEGATIVE,1
42284.9,UPI,EXPIRED_CARD,3,NEGATIVE,0
22880.99,MASTERCARD,FUNDS_UNAVAILABLE,0,NEGATIVE,1
47195.91,MASTERCARD,FRAUD_REVIEW,0,POSITIVE,0
41828.65,AMEX,FRAUD_REVIEW,3,NEGATIVE,0
24692.63,UPI,FUNDS_UNAVAILABLE,0,NEUTRAL,1
44175.44,AMEX,INSUFFICIENT_FUNDS,2,NEUTRAL,0
20326.59,WALLET,EXPIRED_CARD,0,NEUTRAL,1
5357.55,UPI,DO_NOT_HONOR,1,NEGATIVE,0
9122.73,VISA,FUNDS_UNAVAILABLE,3,NEGATIVE,0
892.93,AMEX,FUNDS_UNAVAILABLE,3,NEUTRAL,0
4056.12,UPI,DO_NOT_HONOR,0,NEUTRAL,1
44375.55,VISA,EXPIRED_CARD,0,NEUTRAL,0
22393.28,VISA,NETWORK_ERROR,0,POSITIVE,1
10074.57,MASTERCARD,TIMEOUT,3,POSITIVE,1
14127.22,WALLET,EXPIRED_CARD,0,NEUTRAL,1
14076.13,UPI,TIMEOUT,1,NEGATIVE,1
11270.16,WALLET,DO_NOT_HONOR,3,NEUTRAL,1
7982.43,AMEX,NETWORK_ERROR,0,NEGATIVE,0
36960.37,MASTERCARD,FUNDS_UNAVAILABLE,3,NEGATIVE,0
37953.91,MASTERCARD,INSUFFICIENT_FUNDS,1,NEGATIVE,1
19503.31,AMEX,DO_NOT_HONOR,2,NEGATIVE,0
3163.08,UPI,TIMEOUT,3,NEUTRAL,0
41238.33,UPI,FUNDS_UNAVAILABLE,4,NEGATIVE,0
48866.08,WALLET,FRAUD_REVIEW,2,NEGATIVE,0
29401.93,VISA,FRAUD_REVIEW,0,NEGATIVE,0
21855.48,VISA,TIMEOUT,3,NEUTRAL,0
42355.08,VISA,FUNDS_UNAVAILABLE,0,NEGATIVE,1
35800.45,VISA,FUNDS_UNAVAILABLE,4,POSITIVE,1
38628.03,AMEX,INVALID_CARD,1,NEGATIVE,1
13100.59,WALLET,DO_NOT_HONOR,4,POSITIVE,1
8012.5,MASTERCARD,EXPIRED_CARD,1,POSITIVE,1
8555.08,AMEX,INSUFFICIENT_FUNDS,0,POSITIVE,1
45312.24,AMEX,NETWORK_ERROR,0,POSITIVE,1
36523.39,AMEX,INVALID_CARD,2,NEGATIVE,0
1862.83,UPI,INVALID_CARD,1,NEGATIVE,0
38833.09,MASTERCARD,FUNDS_UNAVAILABLE,2,POSITIVE,1
8327.93,UPI,FUNDS_UNAVAILABLE,0,NEGATIVE,1
28303.67,WALLET,EXPIRED_CARD,0,POSITIVE,0
39475.28,AMEX,INSUFFICIENT_FUNDS,1,NEGATIVE,1
39047.77,WALLET,TIMEOUT,2,NEGATIVE,0
6868.09,VISA,INSUFFICIENT_FUNDS,1,POSITIVE,0
20194.13,VISA,FRAUD_REVIEW,3,NEUTRAL,0
14037.19,VISA,DO_NOT_HONOR,3,POSITIVE,0
43374.82,VISA,EXPIRED_CARD,3,NEUTRAL,0
39882.13,WALLET,FUNDS_UNAVAILABLE,1,NEUTRAL,1
35208.93,VISA,FRAUD_REVIEW,2,POSITIVE,0
6579.82,UPI,INVALID_CARD,3,NEUTRAL,0
42681.74,UPI,INVALID_CARD,3,POSITIVE,0
7264.98,VISA,TIMEOUT,0,NEUTRAL,0
11582.72,VISA,FUNDS_UNAVAILABLE,4,NEUTRAL,0
7043.94,VISA,EXPIRED_CARD,1,NEGATIVE,1
17820.88,MASTERCARD,NETWORK_ERROR,2,POSITIVE,1
13691.11,MASTERCARD,INSUFFICIENT_FUNDS,4,NEGATIVE,0
12040.59,VISA,FRAUD_REVIEW,3,NEGATIVE,0
7154.95,UPI,FUNDS_UNAVAILABLE,2,NEGATIVE,0
43026.48,MASTERCARD,INSUFFICIENT_FUNDS,4,NEGATIVE,0
40968.2,AMEX,INSUFFICIENT_FUNDS,4,POSITIVE,0
48462.53,AMEX,FRAUD_REVIEW,3,POSITIVE,0
31775.56,WALLET,EXPIRED_CARD,1,POSITIVE,0
29527.8,WALLET,TIMEOUT,2,POSITIVE,1
30952.06,VISA,FUNDS_UNAVAILABLE,2,NEUTRAL,0
33342.51,UPI,INVALID_CARD,0,NEGATIVE,0
25272.12,AMEX,EXPIRED_CARD,4,POSITIVE,0
16167.82,UPI,FRAUD_REVIEW,1,NEUTRAL,0
1095.88,WALLET,INVALID_CARD,3,NEUTRAL,0
29308.15,MASTERCARD,NETWORK_ERROR,2,POSITIVE,0
31954.87,AMEX,NETWORK_ERROR,0,NEGATIVE,1
27861.37,MASTERCARD,FUNDS_UNAVAILABLE,2,POSITIVE,0
26757.53,AMEX,TIMEOUT,1,NEUTRAL,1
27713.04,MASTERCARD,INVALID_CARD,1,NEGATIVE,1
42583.87,MASTERCARD,FUNDS_UNAVAILABLE,1,NEUTRAL,1
28572.63,MASTERCARD,DO_NOT_HONOR,0,NEGATIVE,0
20991.77,MASTERCARD,FRAUD_REVIEW,0,POSITIVE,0
212.29,AMEX,DO_NOT_HONOR,4,NEUTRAL,0
9418.55,UPI,INVALID_CARD,0,POSITIVE,0
30803.26,VISA,INSUFFICIENT_FUNDS,4,POSITIVE,1
38198.17,WALLET,FUNDS_UNAVAILABLE,1,POSITIVE,1
23291.28,VISA,EXPIRED_CARD,3,POSITIVE,0
21109.63,VISA,FUNDS_UNAVAILABLE,3,NEUTRAL,0
16154.47,AMEX,TIMEOUT,0,NEGATIVE,0
41581.48,VISA,FRAUD_REVIEW,3,POSITIVE,0
11075.75,WALLET,NETWORK_ERROR,0,POSITIVE,1
11567.8,MASTERCARD,EXPIRED_CARD,2,NEUTRAL,1
41342.89,MASTERCARD,EXPIRED_CARD,0,POSITIVE,0
44325.74,UPI,INSUFFICIENT_FUNDS,0,NEGATIVE,0
30937.46,AMEX,INSUFFICIENT_FUNDS,3,NEUTRAL,1
10162.47,VISA,TIMEOUT,2,NEUTRAL,0
14527.73,MASTERCARD,FRAUD_REVIEW,1,NEUTRAL,0
44759.03,WALLET,NETWORK_ERROR,3,NEUTRAL,0
37652.18,UPI,EXPIRED_CARD,2,NEGATIVE,0
31259.05,VISA,INVALID_CARD,3,POSITIVE,0
42945.73,VISA,FRAUD_REVIEW,0,POSITIVE,0
24821.83,WALLET,EXPIRED_CARD,1,NEUTRAL,0
2250.58,MASTERCARD,INVALID_CARD,4,POSITIVE,0
13477.11,AMEX,INSUFFICIENT_FUNDS,3,POSITIVE,1
17398.45,AMEX,EXPIRED_CARD,4,NEUTRAL,0
22542.04,VISA,FUNDS_UNAVAILABLE,2,NEUTRAL,0
18612.21,MASTERCARD,TIMEOUT,1,NEUTRAL,1
2264.83,UPI,FUNDS_UNAVAILABLE,1,NEGATIVE,0
35363.67,VISA,DO_NOT_HONOR,0,NEGATIVE,1
25142.82,AMEX,NETWORK_ERROR,3,NEGATIVE,0
8884.18,UPI,INVALID_CARD,1,NEUTRAL,0
30249.61,VISA,EXPIRED_CARD,3,NEGATIVE,0
33663.69,VISA,INVALID_CARD,3,NEGATIVE,0
36904.55,AMEX,EXPIRED_CARD,3,NEGATIVE,0
26223.0,AMEX,EXPIRED_CARD,3,POSITIVE,0
18883.79,WALLET,FRAUD_REVIEW,2,NEUTRAL,0
20821.87,UPI,FUNDS_UNAVAILABLE,3,POSITIVE,1
46245.89,VISA,NETWORK_ERROR,2,NEGATIVE,1
18763.8,WALLET,DO_NOT_HONOR,0,POSITIVE,1
46240.24,MASTERCARD,INSUFFICIENT_FUNDS,0,NEGATIVE,1
2242.28,UPI,TIMEOUT,0,NEUTRAL,0
18294.38,UPI,DO_NOT_HONOR,2,POSITIVE,1
12549.34,AMEX,TIMEOUT,4,NEGATIVE,0
1547.08,UPI,FRAUD_REVIEW,1,POSITIVE,0
23655.96,VISA,FUNDS_UNAVAILABLE,1,NEGATIVE,1
20633.57,UPI,INVALID_CARD,0,NEGATIVE,1
25692.66,WALLET,TIMEOUT,2,POSITIVE,1
16608.62,WALLET,DO_NOT_HONOR,3,NEUTRAL,0
28717.53,MASTERCARD,INVALID_CARD,1,NEGATIVE,0
30972.28,WALLET,FRAUD_REVIEW,3,POSITIVE,0
15882.65,AMEX,DO_NOT_HONOR,2,NEGATIVE,1
41456.1,UPI,DO_NOT_HONOR,2,NEGATIVE,0
21244.85,VISA,TIMEOUT,3,POSITIVE,1
10455.45,VISA,INSUFFICIENT_FUNDS,3,POSITIVE,0
48115.43,VISA,FRAUD_REVIEW,1,NEGATIVE,0
38383.54,WALLET,INSUFFICIENT_FUNDS,4,NEGATIVE,0
24628.8,WALLET,FUNDS_UNAVAILABLE,3,NEGATIVE,0
44201.75,MASTERCARD,EXPIRED_CARD,3,POSITIVE,0
45738.12,VISA,TIMEOUT,2,NEGATIVE,1
20380.21,AMEX,FUNDS_UNAVAILABLE,0,POSITIVE,1
29649.65,MASTERCARD,INSUFFICIENT_FUNDS,1,NEUTRAL,1
49480.44,WALLET,DO_NOT_HONOR,0,NEUTRAL,1
28365.92,UPI,FRAUD_REVIEW,0,NEUTRAL,0
3362.77,AMEX,FRAUD_REVIEW,1,POSITIVE,0
49812.46,WALLET,FUNDS_UNAVAILABLE,2,POSITIVE,1
25728.96,AMEX,EXPIRED_CARD,0,NEGATIVE,1
43603.95,VISA,FRAUD_REVIEW,4,POSITIVE,0
25199.5,VISA,TIMEOUT,3,NEGATIVE,0
11245.34,VISA,NETWORK_ERROR,4,NEGATIVE,0
37979.45,VISA,INSUFFICIENT_FUNDS,3,NEGATIVE,0
44147.72,WALLET,FUNDS_UNAVAILABLE,4,POSITIVE,1
10145.72,UPI,DO_NOT_HONOR,0,NEUTRAL,1
30034.04,MASTERCARD,TIMEOUT,2,POSITIVE,1
2586.62,VISA,DO_NOT_HONOR,4,NEGATIVE,0
48054.8,VISA,FRAUD_REVIEW,1,NEUTRAL,0
8447.1,UPI,FUNDS_UNAVAILABLE,2,NEUTRAL,0
16447.2,VISA,DO_NOT_HONOR,3,POSITIVE,1
33056.6,AMEX,FUNDS_UNAVAILABLE,3,NEGATIVE,0
3948.05,WALLET,DO_NOT_HONOR,3,NEGATIVE,0
36017.77,UPI,INSUFFICIENT_FUNDS,1,NEUTRAL,1
6795.1,WALLET,DO_NOT_HONOR,4,POSITIVE,0
12157.37,VISA,FRAUD_REVIEW,0,NEGATIVE,0
8926.47,UPI,EXPIRED_CARD,2,NEUTRAL,0
16437.97,WALLET,TIMEOUT,1,NEGATIVE,1
49916.33,UPI,DO_NOT_HONOR,0,POSITIVE,1
37369.66,MASTERCARD,INVALID_CARD,1,NEGATIVE,0
10904.49,WALLET,DO_NOT_HONOR,4,POSITIVE,0
7979.26,MASTERCARD,FRAUD_REVIEW,2,POSITIVE,1
27655.72,AMEX,FRAUD_REVIEW,3,NEGATIVE,0
30580.23,UPI,DO_NOT_HONOR,1,NEUTRAL,1
16048.6,AMEX,DO_NOT_HONOR,2,NEUTRAL,1
38252.09,AMEX,INSUFFICIENT_FUNDS,4,NEUTRAL,0
38988.45,AMEX,DO_NOT_HONOR,1,NEUTRAL,0
13744.47,WALLET,FUNDS_UNAVAILABLE,0,NEUTRAL,0
28583.79,UPI,EXPIRED_CARD,4,NEUTRAL,0
35672.55,UPI,FUNDS_UNAVAILABLE,1,POSITIVE,1
2114.33,UPI,FRAUD_REVIEW,4,NEGATIVE,0
20506.08,WALLET,INSUFFICIENT_FUNDS,1,NEUTRAL,0
28433.99,UPI,FUNDS_UNAVAILABLE,1,NEGATIVE,1
12977.3,WALLET,TIMEOUT,1,POSITIVE,0
28271.04,MASTERCARD,DO_NOT_HONOR,3,NEUTRAL,0
48331.62,WALLET,TIMEOUT,1,POSITIVE,0
18972.38,WALLET,FUNDS_UNAVAILABLE,4,NEGATIVE,0
47577.19,WALLET,EXPIRED_CARD,1,NEUTRAL,0
36793.23,UPI,FRAUD_REVIEW,3,NEUTRAL,0
18734.01,UPI,DO_NOT_HONOR,2,POSITIVE,1
26354.55,VISA,INVALID_CARD,4,POSITIVE,1
10167.07,WALLET,EXPIRED_CARD,4,POSITIVE,1
6477.53,VISA,DO_NOT_HONOR,0,POSITIVE,1
2673.58,UPI,TIMEOUT,1,NEGATIVE,0
47205.97,AMEX,EXPIRED_CARD,0,NEUTRAL,0
28288.35,MASTERCARD,INVALID_CARD,0,POSITIVE,1
40614.06,UPI,NETWORK_ERROR,1,NEGATIVE,0
23609.85,VISA,TIMEOUT,2,NEGATIVE,0
8156.49,MASTERCARD,INVALID_CARD,0,NEUTRAL,0
35529.16,MASTERCARD,DO_NOT_HONOR,4,POSITIVE,1
41616.21,VISA,FRAUD_REVIEW,3,NEUTRAL,0
40059.9,WALLET,INVALID_CARD,4,NEGATIVE,0
45785.61,WALLET,DO_NOT_HONOR,2,NEUTRAL,1
43991.47,VISA,FRAUD_REVIEW,2,POSITIVE,0
338.35,WALLET,TIMEOUT,3,POSITIVE,0
21644.55,AMEX,FRAUD_REVIEW,1,NEGATIVE,0
32169.37,AMEX,DO_NOT_HONOR,2,POSITIVE,0
15506.21,AMEX,INSUFFICIENT_FUNDS,1,NEUTRAL,1
3812.62,MASTERCARD,FRAUD_REVIEW,4,NEUTRAL,0
5027.27,VISA,FRAUD_REVIEW,3,NEUTRAL,0
8644.0,UPI,NETWORK_ERROR,0,POSITIVE,1
37926.95,MASTERCARD,DO_NOT_HONOR,1,NEGATIVE,1
31176.28,WALLET,INSUFFICIENT_FUNDS,4,POSITIVE,0
9830.14,UPI,DO_NOT_HONOR,1,NEUTRAL,0
40556.18,AMEX,INVALID_CARD,3,NEUTRAL,0
204.25,AMEX,FRAUD_REVIEW,3,POSITIVE,0
47946.7,UPI,FUNDS_UNAVAILABLE,1,NEUTRAL,0
46165.65,VISA,FRAUD_REVIEW,3,NEUTRAL,0
37901.37,VISA,FRAUD_REVIEW,0,NEGATIVE,0
39106.19,AMEX,INSUFFICIENT_FUNDS,3,NEGATIVE,0
32939.02,WALLET,NETWORK_ERROR,0,NEUTRAL,1
9790.77,AMEX,DO_NOT_HONOR,4,POSITIVE,0
17830.08,VISA,NETWORK_ERROR,2,NEGATIVE,0
36500.2,VISA,NETWORK_ERROR,3,NEUTRAL,0
40078.18,UPI,NETWORK_ERROR,1,NEGATIVE,0
46106.91,VISA,FRAUD_REVIEW,3,POSITIVE,0
763.13,MASTERCARD,DO_NOT_HONOR,2,NEUTRAL,0
6038.04,AMEX,DO_NOT_HONOR,1,NEGATIVE,0
35649.79,MASTERCARD,FUNDS_UNAVAILABLE,0,NEGATIVE,1
10608.5,UPI,TIMEOUT,1,NEGATIVE,0
12079.66,AMEX,TIMEOUT,2,NEGATIVE,0
37238.41,UPI,DO_NOT_HONOR,1,NEUTRAL,1
30482.41,AMEX,INSUFFICIENT_FUNDS,3,NEUTRAL,0
35522.84,MASTERCARD,EXPIRED_CARD,1,NEUTRAL,0
6781.13,VISA,EXPIRED_CARD,4,NEUTRAL,0
42530.21,WALLET,DO_NOT_HONOR,3,NEUTRAL,1
36047.75,WALLET,FRAUD_REVIEW,0,NEGATIVE,0
48956.59,VISA,INSUFFICIENT_FUNDS,4,NEGATIVE,0
31534.23,AMEX,EXPIRED_CARD,0,POSITIVE,1
42836.71,MASTERCARD,TIMEOUT,3,POSITIVE,1
26948.27,WALLET,NETWORK_ERROR,4,POSITIVE,1
40057.06,MASTERCARD,FUNDS_UNAVAILABLE,0,POSITIVE,1
20283.24,AMEX,FRAUD_REVIEW,1,POSITIVE,1
11449.34,UPI,DO_NOT_HONOR,3,NEUTRAL,0
18295.25,AMEX,INVALID_CARD,3,NEGATIVE,0
39539.97,WALLET,FUNDS_UNAVAILABLE,1,POSITIVE,1
3363.47,UPI,INSUFFICIENT_FUNDS,4,NEGATIVE,0
12345.27,AMEX,TIMEOUT,3,NEUTRAL,0
6787.07,UPI,FUNDS_UNAVAILABLE,1,NEUTRAL,0
28895.66,VISA,NETWORK_ERROR,1,POSITIVE,1
19341.49,WALLET,INVALID_CARD,0,POSITIVE,1
40685.14,UPI,DO_NOT_HONOR,1,NEUTRAL,1
2611.25,VISA,TIMEOUT,1,POSITIVE,1
12087.56,VISA,NETWORK_ERROR,0,POSITIVE,1
44377.55,VISA,TIMEOUT,2,POSITIVE,1
29470.86,VISA,EXPIRED_CARD,4,POSITIVE,0
49424.14,VISA,EXPIRED_CARD,0,POSITIVE,1
1360.61,AMEX,NETWORK_ERROR,1,NEGATIVE,1
47149.34,AMEX,FRAUD_REVIEW,4,NEUTRAL,0
5783.27,MASTERCARD,TIMEOUT,0,POSITIVE,1
26765.62,VISA,FUNDS_UNAVAILABLE,3,NEUTRAL,0
47386.61,AMEX,NETWORK_ERROR,2,NEUTRAL,0
29608.69,MASTERCARD,DO_NOT_HONOR,2,NEUTRAL,0
48139.69,AMEX,INVALID_CARD,2,POSITIVE,0
6392.91,VISA,INSUFFICIENT_FUNDS,4,NEGATIVE,0
31536.67,WALLET,EXPIRED_CARD,2,NEUTRAL,0
20027.22,UPI,FUNDS_UNAVAILABLE,1,NEGATIVE,0
18675.54,VISA,FRAUD_REVIEW,4,NEUTRAL,0
35030.69,UPI,DO_NOT_HONOR,1,NEUTRAL,1
21115.95,MASTERCARD,INVALID_CARD,4,NEUTRAL,1
722.15,UPI,FUNDS_UNAVAILABLE,3,NEUTRAL,1
9997.67,VISA,NETWORK_ERROR,4,NEUTRAL,1
18848.05,MASTERCARD,DO_NOT_HONOR,0,NEUTRAL,1
36346.62,VISA,TIMEOUT,3,POSITIVE,1
2887.64,WALLET,FRAUD_REVIEW,4,POSITIVE,0
9126.29,AMEX,INSUFFICIENT_FUNDS,1,POSITIVE,1
15518.02,WALLET,INVALID_CARD,0,NEGATIVE,0
13357.88,AMEX,EXPIRED_CARD,0,NEGATIVE,0
34780.95,UPI,DO_NOT_HONOR,2,NEGATIVE,0
28718.94,VISA,TIMEOUT,3,NEGATIVE,0
42411.1,UPI,EXPIRED_CARD,3,NEUTRAL,0
6328.16,MASTERCARD,EXPIRED_CARD,2,NEGATIVE,0
13339.39,WALLET,FRAUD_REVIEW,3,NEGATIVE,0
18837.91,UPI,DO_NOT_HONOR,1,POSITIVE,0
34764.44,UPI,INSUFFICIENT_FUNDS,4,NEUTRAL,0
497.76,VISA,FUNDS_UNAVAILABLE,1,POSITIVE,1
21737.84,MASTERCARD,EXPIRED_CARD,1,POSITIVE,0
30264.48,UPI,EXPIRED_CARD,1,POSITIVE,0
43058.43,AMEX,INVALID_CARD,0,POSITIVE,0
46093.66,AMEX,EXPIRED_CARD,1,NEUTRAL,0
44809.32,UPI,TIMEOUT,4,NEGATIVE,0
13062.71,UPI,FRAUD_REVIEW,1,NEGATIVE,0
8140.79,WALLET,NETWORK_ERROR,1,POSITIVE,1
34363.32,VISA,INSUFFICIENT_FUNDS,2,NEGATIVE,0
3449.88,WALLET,EXPIRED_CARD,1,POSITIVE,1
14808.09,MASTERCARD,INVALID_CARD,3,NEGATIVE,0
29631.28,MASTERCARD,DO_NOT_HONOR,3,NEUTRAL,0
43128.48,AMEX,INVALID_CARD,2,POSITIVE,0
3067.43,UPI,NETWORK_ERROR,3,NEGATIVE,0
31192.32,MASTERCARD,EXPIRED_CARD,0,POSITIVE,1
41650.45,AMEX,EXPIRED_CARD,1,NEGATIVE,0
38718.15,UPI,FUNDS_UNAVAILABLE,1,NEUTRAL,1
23449.73,MASTERCARD,INSUFFICIENT_FUNDS,3,NEGATIVE,0
48012.51,UPI,TIMEOUT,2,NEGATIVE,0
46290.55,UPI,DO_NOT_HONOR,1,NEGATIVE,1
12054.4,VISA,NETWORK_ERROR,4,NEUTRAL,1
25270.48,AMEX,FUNDS_UNAVAILABLE,2,POSITIVE,0
2072.16,UPI,INVALID_CARD,0,POSITIVE,0
13658.38,UPI,FRAUD_REVIEW,2,NEGATIVE,0
22781.47,MASTERCARD,NETWORK_ERROR,4,POSITIVE,0
21599.06,MASTERCARD,DO_NOT_HONOR,0,POSITIVE,1
9707.33,WALLET,NETWORK_ERROR,3,NEUTRAL,0
36500.64,AMEX,FRAUD_REVIEW,2,NEUTRAL,0
32355.31,MASTERCARD,INSUFFICIENT_FUNDS,4,POSITIVE,0
35009.34,WALLET,FRAUD_REVIEW,4,NEGATIVE,0
42137.25,WALLET,INSUFFICIENT_FUNDS,2,NEGATIVE,0
25403.09,VISA,NETWORK_ERROR,2,POSITIVE,0
29941.33,MASTERCARD,FUNDS_UNAVAILABLE,3,NEUTRAL,0
6552.44,MASTERCARD,INVALID_CARD,3,POSITIVE,1
8016.03,WALLET,INSUFFICIENT_FUNDS,0,NEUTRAL,1
28206.77,AMEX,EXPIRED_CARD,2,POSITIVE,1
3847.06,UPI,TIMEOUT,1,POSITIVE,0
40867.7,WALLET,INVALID_CARD,3,NEUTRAL,0
44497.28,MASTERCARD,NETWORK_ERROR,3,NEGATIVE,0
25299.98,UPI,INSUFFICIENT_FUNDS,4,NEGATIVE,0
45467.87,MASTERCARD,EXPIRED_CARD,3,NEGATIVE,0
32516.79,VISA,NETWORK_ERROR,4,NEUTRAL,1
26203.4,UPI,INSUFFICIENT_FUNDS,1,NEGATIVE,0
28861.62,AMEX,TIMEOUT,2,NEUTRAL,0
28832.73,WALLET,INVALID_CARD,3,POSITIVE,0
16363.45,UPI,FRAUD_REVIEW,4,NEUTRAL,0
39879.63,MASTERCARD,EXPIRED_CARD,0,NEGATIVE,0
22349.75,MASTERCARD,TIMEOUT,0,POSITIVE,1
3155.83,MASTERCARD,TIMEOUT,0,NEUTRAL,1
568.97,UPI,NETWORK_ERROR,2,NEUTRAL,0
34282.31,UPI,INVALID_CARD,2,NEUTRAL,0
26232.38,UPI,NETWORK_ERROR,2,NEUTRAL,0
17732.84,MASTERCARD,INVALID_CARD,3,NEUTRAL,0
541.06,UPI,FRAUD_REVIEW,2,NEGATIVE,0
20863.26,WALLET,FUNDS_UNAVAILABLE,2,NEGATIVE,1
3750.3,UPI,NETWORK_ERROR,2,NEUTRAL,1
8921.23,AMEX,INVALID_CARD,2,POSITIVE,0
29518.68,UPI,INVALID_CARD,0,POSITIVE,0
41692.76,MASTERCARD,TIMEOUT,4,NEUTRAL,1
38821.47,AMEX,FRAUD_REVIEW,0,NEGATIVE,0
1190.02,MASTERCARD,TIMEOUT,1,POSITIVE,0
15055.29,AMEX,FUNDS_UNAVAILABLE,1,NEGATIVE,0
3226.0,VISA,NETWORK_ERROR,0,NEGATIVE,0
26826.77,VISA,INVALID_CARD,0,POSITIVE,1
29003.64,WALLET,TIMEOUT,0,NEGATIVE,0
24342.59,WALLET,FRAUD_REVIEW,1,NEUTRAL,0
7812.26,AMEX,INSUFFICIENT_FUNDS,1,NEUTRAL,1
13661.03,VISA,INVALID_CARD,2,POSITIVE,0
17826.09,UPI,FRAUD_REVIEW,2,NEGATIVE,0
905.2,AMEX,FRAUD_REVIEW,1,NEGATIVE,0
1138.16,AMEX,DO_NOT_HONOR,1,NEGATIVE,0
254.27,WALLET,INVALID_CARD,2,POSITIVE,0
40475.36,VISA,EXPIRED_CARD,0,NEUTRAL,0
30103.14,MASTERCARD,NETWORK_ERROR,4,NEUTRAL,0
43576.02,UPI,EXPIRED_CARD,2,POSITIVE,1
4999.18,UPI,FRAUD_REVIEW,3,NEUTRAL,0
23121.74,WALLET,NETWORK_ERROR,0,NEGATIVE,1
25771.57,UPI,INVALID_CARD,4,NEGATIVE,0
383.94,WALLET,FUNDS_UNAVAILABLE,4,NEUTRAL,0
26095.99,UPI,INVALID_CARD,0,NEGATIVE,0
12385.69,MASTERCARD,FUNDS_UNAVAILABLE,3,POSITIVE,0
18157.61,WALLET,TIMEOUT,4,NEUTRAL,1
21115.5,UPI,INVALID_CARD,4,POSITIVE,1
49113.07,MASTERCARD,DO_NOT_HONOR,3,NEUTRAL,1
29599.7,VISA,NETWORK_ERROR,0,NEGATIVE,0
39951.81,VISA,FRAUD_REVIEW,4,NEGATIVE,0
38991.18,UPI,NETWORK_ERROR,2,NEGATIVE,1
31218.31,WALLET,DO_NOT_HONOR,3,POSITIVE,1
23116.38,MASTERCARD,EXPIRED_CARD,3,POSITIVE,0
25228.83,WALLET,DO_NOT_HONOR,1,POSITIVE,1
34029.62,WALLET,DO_NOT_HONOR,0,NEGATIVE,0
38192.93,UPI,NETWORK_ERROR,2,NEGATIVE,0
31960.56,VISA,INVALID_CARD,3,NEUTRAL,0
35222.69,VISA,FRAUD_REVIEW,3,NEUTRAL,0
10285.75,WALLET,INSUFFICIENT_FUNDS,4,NEGATIVE,0
2181.62,UPI,EXPIRED_CARD,3,NEGATIVE,0
29242.64,AMEX,FRAUD_REVIEW,4,POSITIVE,0
15264.5,WALLET,TIMEOUT,1,NEUTRAL,0
10662.87,AMEX,FRAUD_REVIEW,3,POSITIVE,0
43089.98,VISA,FRAUD_REVIEW,3,POSITIVE,0
29765.16,VISA,FUNDS_UNAVAILABLE,0,NEGATIVE,0
30210.84,AMEX,INSUFFICIENT_FUNDS,4,NEGATIVE,0
46434.24,WALLET,TIMEOUT,0,NEGATIVE,0
40810.87,VISA,FRAUD_REVIEW,0,NEUTRAL,0
38069.17,WALLET,DO_NOT_HONOR,0,POSITIVE,1
6771.37,UPI,FUNDS_UNAVAILABLE,4,NEGATIVE,0
27753.31,MASTERCARD,EXPIRED_CARD,2,NEGATIVE,0
46498.91,UPI,INVALID_CARD,4,NEUTRAL,0
12282.0,AMEX,DO_NOT_HONOR,3,NEUTRAL,0
25649.42,UPI,EXPIRED_CARD,1,NEUTRAL,0
22415.33,UPI,FRAUD_REVIEW,1,NEGATIVE,0
8706.26,MASTERCARD,INSUFFICIENT_FUNDS,2,NEUTRAL,1
2326.86,AMEX,FRAUD_REVIEW,0,NEUTRAL,1
4861.98,UPI,EXPIRED_CARD,4,NEUTRAL,0
14151.8,VISA,INVALID_CARD,2,NEGATIVE,0
5412.6,VISA,INVALID_CARD,0,NEUTRAL,0
47558.5,VISA,FUNDS_UNAVAILABLE,1,NEGATIVE,0
42571.42,MASTERCARD,TIMEOUT,4,NEUTRAL,1
31463.7,UPI,INSUFFICIENT_FUNDS,0,NEGATIVE,0
43941.4,UPI,FRAUD_REVIEW,4,POSITIVE,0
7277.76,AMEX,INVALID_CARD,2,NEUTRAL,0
13317.55,UPI,INVALID_CARD,0,POSITIVE,0
21278.27,UPI,INVALID_CARD,0,POSITIVE,1
46894.06,WALLET,NETWORK_ERROR,3,POSITIVE,0
25400.39,MASTERCARD,INSUFFICIENT_FUNDS,2,NEGATIVE,0
18429.36,MASTERCARD,FUNDS_UNAVAILABLE,3,POSITIVE,1
19796.44,WALLET,EXPIRED_CARD,0,POSITIVE,1
4618.67,WALLET,NETWORK_ERROR,2,NEGATIVE,1
41117.95,MASTERCARD,FUNDS_UNAVAILABLE,2,POSITIVE,1
49634.73,AMEX,INSUFFICIENT_FUNDS,4,NEUTRAL,0
12863.62,MASTERCARD,TIMEOUT,3,POSITIVE,0
45537.02,AMEX,INVALID_CARD,3,NEUTRAL,0
19561.06,VISA,NETWORK_ERROR,4,NEUTRAL,0
32585.03,UPI,INVALID_CARD,4,POSITIVE,0
22209.28,AMEX,DO_NOT_HONOR,1,POSITIVE,1
33287.34,UPI,INSUFFICIENT_FUNDS,2,POSITIVE,1
38207.77,AMEX,FRAUD_REVIEW,3,NEGATIVE,0
35320.62,AMEX,EXPIRED_CARD,3,NEUTRAL,0
36850.01,MASTERCARD,FUNDS_UNAVAILABLE,4,NEUTRAL,0
31918.71,MASTERCARD,EXPIRED_CARD,0,POSITIVE,1
42666.52,AMEX,DO_NOT_HONOR,4,NEGATIVE,0
19346.65,MASTERCARD,INSUFFICIENT_FUNDS,4,POSITIVE,1
22730.51,VISA,TIMEOUT,3,NEUTRAL,0
4082.38,MASTERCARD,NETWORK_ERROR,3,POSITIVE,1
40603.12,VISA,FUNDS_UNAVAILABLE,1,POSITIVE,1
48946.65,AMEX,DO_NOT_HONOR,0,POSITIVE,1
48603.07,WALLET,EXPIRED_CARD,3,NEUTRAL,0
37070.4,VISA,FRAUD_REVIEW,3,NEGATIVE,0
7656.05,AMEX,INVALID_CARD,3,POSITIVE,0
1539.71,MASTERCARD,EXPIRED_CARD,1,NEUTRAL,1
15341.46,UPI,NETWORK_ERROR,3,NEUTRAL,1
40488.4,VISA,INSUFFICIENT_FUNDS,4,NEUTRAL,0
37630.07,UPI,EXPIRED_CARD,0,NEGATIVE,0
37571.82,UPI,NETWORK_ERROR,2,NEGATIVE,0
32040.07,UPI,FRAUD_REVIEW,3,NEUTRAL,0
15071.8,VISA,DO_NOT_HONOR,1,NEGATIVE,1
48645.58,AMEX,NETWORK_ERROR,0,NEGATIVE,0
10572.66,AMEX,INVALID_CARD,2,NEGATIVE,0
7205.96,WALLET,EXPIRED_CARD,4,POSITIVE,0
37800.41,MASTERCARD,INSUFFICIENT_FUNDS,2,NEUTRAL,1
36614.51,VISA,NETWORK_ERROR,3,NEUTRAL,0
10059.06,AMEX,INSUFFICIENT_FUNDS,0,NEUTRAL,0
29500.34,WALLET,FRAUD_REVIEW,4,NEUTRAL,0
6873.85,VISA,INVALID_CARD,0,NEGATIVE,0
12344.24,UPI,TIMEOUT,3,POSITIVE,0
2778.02,WALLET,NETWORK_ERROR,4,POSITIVE,1
36209.72,WALLET,FRAUD_REVIEW,1,POSITIVE,1
29198.4,AMEX,INSUFFICIENT_FUNDS,0,NEUTRAL,1
24172.78,UPI,FUNDS_UNAVAILABLE,0,POSITIVE,1
27515.47,WALLET,FRAUD_REVIEW,0,POSITIVE,0
20388.38,WALLET,NETWORK_ERROR,3,NEUTRAL,1
38097.11,VISA,TIMEOUT,4,NEGATIVE,0
7310.84,UPI,EXPIRED_CARD,1,NEGATIVE,1
47114.87,MASTERCARD,EXPIRED_CARD,0,NEUTRAL,1
9397.37,VISA,FUNDS_UNAVAILABLE,4,NEUTRAL,0
48844.98,AMEX,DO_NOT_HONOR,2,POSITIVE,1
37096.84,VISA,INVALID_CARD,1,POSITIVE,1
24123.9,VISA,NETWORK_ERROR,0,NEUTRAL,1
29523.41,MASTERCARD,DO_NOT_HONOR,0,NEUTRAL,1
12642.47,WALLET,FUNDS_UNAVAILABLE,1,POSITIVE,0
14038.19,VISA,NETWORK_ERROR,1,NEGATIVE,1
33308.99,VISA,NETWORK_ERROR,3,POSITIVE,0
4961.17,WALLET,DO_NOT_HONOR,0,POSITIVE,1
12950.09,AMEX,EXPIRED_CARD,1,NEGATIVE,1
11545.68,MASTERCARD,NETWORK_ERROR,1,NEGATIVE,1
48648.3,MASTERCARD,FUNDS_UNAVAILABLE,1,NEGATIVE,0
16909.65,UPI,INVALID_CARD,2,POSITIVE,1
9446.39,UPI,INVALID_CARD,2,NEGATIVE,0
39693.95,MASTERCARD,INVALID_CARD,4,NEGATIVE,0
9827.67,MASTERCARD,DO_NOT_HONOR,4,NEUTRAL,1
37567.64,UPI,EXPIRED_CARD,2,NEGATIVE,0
31921.42,AMEX,FUNDS_UNAVAILABLE,4,NEUTRAL,0
17939.33,VISA,NETWORK_ERROR,1,NEUTRAL,0
20333.35,AMEX,INSUFFICIENT_FUNDS,2,NEUTRAL,0
19626.32,MASTERCARD,NETWORK_ERROR,1,NEGATIVE,0
31055.51,UPI,TIMEOUT,2,POSITIVE,1
39181.26,AMEX,EXPIRED_CARD,1,NEUTRAL,0
34958.87,MASTERCARD,INVALID_CARD,3,NEUTRAL,0
19811.57,AMEX,EXPIRED_CARD,2,POSITIVE,0
34997.36,UPI,FUNDS_UNAVAILABLE,4,NEGATIVE,0
37447.3,MASTERCARD,INVALID_CARD,1,NEGATIVE,0
19535.21,WALLET,FUNDS_UNAVAILABLE,2,POSITIVE,1
4273.45,UPI,TIMEOUT,1,NEGATIVE,0
46574.77,AMEX,INVALID_CARD,1,NEGATIVE,0
27516.73,WALLET,TIMEOUT,1,NEGATIVE,0
20765.35,VISA,TIMEOUT,4,POSITIVE,1
23625.37,MASTERCARD,INSUFFICIENT_FUNDS,3,POSITIVE,1
11385.25,WALLET,INSUFFICIENT_FUNDS,0,NEUTRAL,0
25860.4,MASTERCARD,FRAUD_REVIEW,0,POSITIVE,1
24955.72,MASTERCARD,FRAUD_REVIEW,1,NEUTRAL,1
34618.44,VISA,INSUFFICIENT_FUNDS,2,NEGATIVE,0
40763.01,WALLET,DO_NOT_HONOR,4,POSITIVE,1
13899.9,MASTERCARD,INSUFFICIENT_FUNDS,1,POSITIVE,0
20031.95,MASTERCARD,INVALID_CARD,3,NEUTRAL,0
32193.73,MASTERCARD,FUNDS_UNAVAILABLE,3,NEGATIVE,0
37582.5,MASTERCARD,EXPIRED_CARD,4,POSITIVE,0
37452.95,WALLET,INVALID_CARD,0,POSITIVE,1
28718.34,WALLET,INSUFFICIENT_FUNDS,0,POSITIVE,1
35185.29,UPI,INVALID_CARD,4,NEUTRAL,0
20617.9,VISA,TIMEOUT,4,POSITIVE,1
11189.55,VISA,DO_NOT_HONOR,0,NEUTRAL,1
17625.24,WALLET,DO_NOT_HONOR,0,NEUTRAL,0
12495.55,WALLET,INVALID_CARD,4,POSITIVE,0
4248.93,MASTERCARD,EXPIRED_CARD,2,NEUTRAL,1
45898.57,UPI,FRAUD_REVIEW,1,NEGATIVE,0
39769.38,AMEX,DO_NOT_HONOR,4,NEGATIVE,0
13412.05,VISA,INSUFFICIENT_FUNDS,3,NEUTRAL,0
2077.32,AMEX,INSUFFICIENT_FUNDS,0,NEUTRAL,1
14289.7,WALLET,INSUFFICIENT_FUNDS,0,POSITIVE,0
32876.63,MASTERCARD,DO_NOT_HONOR,1,NEGATIVE,0
44108.67,UPI,INSUFFICIENT_FUNDS,3,NEGATIVE,0
37449.89,VISA,DO_NOT_HONOR,1,NEUTRAL,1
47747.7,MASTERCARD,INVALID_CARD,4,NEGATIVE,0
15257.7,AMEX,FUNDS_UNAVAILABLE,0,POSITIVE,1
3919.42,VISA,FRAUD_REVIEW,4,NEGATIVE,0
41899.2,WALLET,INSUFFICIENT_FUNDS,1,NEGATIVE,0
4175.91,UPI,INSUFFICIENT_FUNDS,0,NEUTRAL,1
43869.87,VISA,INVALID_CARD,0,POSITIVE,1
23303.74,VISA,FUNDS_UNAVAILABLE,4,NEGATIVE,0
4595.59,VISA,INSUFFICIENT_FUNDS,1,NEGATIVE,0
31673.65,AMEX,FUNDS_UNAVAILABLE,3,NEGATIVE,0
46485.92,MASTERCARD,TIMEOUT,3,NEGATIVE,0
19152.11,UPI,EXPIRED_CARD,4,POSITIVE,0
39473.18,VISA,DO_NOT_HONOR,3,NEUTRAL,0
5737.7,UPI,INSUFFICIENT_FUNDS,4,NEUTRAL,1
32142.49,VISA,NETWORK_ERROR,2,POSITIVE,1
12025.94,AMEX,EXPIRED_CARD,2,POSITIVE,1
33240.28,MASTERCARD,TIMEOUT,0,NEUTRAL,1
40744.61,AMEX,FUNDS_UNAVAILABLE,2,POSITIVE,0
24943.04,AMEX,INSUFFICIENT_FUNDS,0,POSITIVE,1
14293.19,VISA,FRAUD_REVIEW,4,NEGATIVE,0
30756.37,WALLET,NETWORK_ERROR,3,NEUTRAL,0
25432.84,WALLET,EXPIRED_CARD,0,POSITIVE,1
29624.18,AMEX,TIMEOUT,3,NEUTRAL,0
45867.32,MASTERCARD,NETWORK_ERROR,2,NEGATIVE,1
7453.1,MASTERCARD,FRAUD_REVIEW,0,NEUTRAL,1
20329.53,AMEX,TIMEOUT,2,POSITIVE,1
43723.44,UPI,DO_NOT_HONOR,0,POSITIVE,1
49946.96,AMEX,INSUFFICIENT_FUNDS,1,POSITIVE,0
19028.04,UPI,FUNDS_UNAVAILABLE,2,POSITIVE,0
25695.18,VISA,DO_NOT_HONOR,0,NEGATIVE,0
20710.13,WALLET,DO_NOT_HONOR,2,POSITIVE,1
26907.67,VISA,FRAUD_REVIEW,3,POSITIVE,0
36061.73,VISA,NETWORK_ERROR,1,POSITIVE,1
27700.27,MASTERCARD,FUNDS_UNAVAILABLE,4,POSITIVE,1
26895.29,UPI,NETWORK_ERROR,1,NEGATIVE,1
49996.2,WALLET,INVALID_CARD,0,POSITIVE,1
2142.88,WALLET,INVALID_CARD,3,NEGATIVE,0
11563.02,VISA,INSUFFICIENT_FUNDS,1,NEUTRAL,0
41336.93,AMEX,EXPIRED_CARD,2,NEUTRAL,0
8403.65,WALLET,FUNDS_UNAVAILABLE,0,NEUTRAL,1
32049.92,AMEX,FRAUD_REVIEW,4,POSITIVE,0
23325.19,MASTERCARD,DO_NOT_HONOR,1,NEGATIVE,1
3824.84,AMEX,INSUFFICIENT_FUNDS,4,NEUTRAL,0
35672.29,AMEX,EXPIRED_CARD,2,POSITIVE,0
43605.03,MASTERCARD,INSUFFICIENT_FUNDS,2,NEUTRAL,1
20617.52,UPI,INVALID_CARD,1,NEGATIVE,1
4433.12,WALLET,EXPIRED_CARD,0,NEUTRAL,1
17348.77,WALLET,DO_NOT_HONOR,1,NEUTRAL,1
38700.82,MASTERCARD,INSUFFICIENT_FUNDS,1,NEGATIVE,0
45264.07,UPI,INVALID_CARD,1,NEGATIVE,0
28870.31,AMEX,NETWORK_ERROR,4,NEUTRAL,0
45765.34,AMEX,INVALID_CARD,0,NEGATIVE,0
9491.31,VISA,TIMEOUT,4,NEUTRAL,0
2632.18,AMEX,NETWORK_ERROR,1,NEGATIVE,0
27252.45,VISA,TIMEOUT,0,NEGATIVE,1
16711.66,UPI,EXPIRED_CARD,1,NEUTRAL,0
18688.48,VISA,INSUFFICIENT_FUNDS,3,NEUTRAL,1
20835.85,MASTERCARD,TIMEOUT,4,POSITIVE,1
44966.13,VISA,FUNDS_UNAVAILABLE,2,POSITIVE,1
25699.01,MASTERCARD,FRAUD_REVIEW,3,NEGATIVE,0
32079.36,UPI,INVALID_CARD,2,NEUTRAL,0
41900.71,MASTERCARD,NETWORK_ERROR,0,NEGATIVE,1
9372.45,MASTERCARD,INVALID_CARD,1,POSITIVE,1
437.42,VISA,INVALID_CARD,0,NEUTRAL,0
15529.15,AMEX,NETWORK_ERROR,1,NEUTRAL,1
16515.88,AMEX,NETWORK_ERROR,3,NEUTRAL,0
29330.96,VISA,TIMEOUT,1,NEUTRAL,1
19065.42,MASTERCARD,INVALID_CARD,1,NEUTRAL,0
12110.26,MASTERCARD,EXPIRED_CARD,1,NEGATIVE,0
33847.69,AMEX,NETWORK_ERROR,1,POSITIVE,0
16243.49,WALLET,FUNDS_UNAVAILABLE,4,NEUTRAL,0
14120.8,MASTERCARD,TIMEOUT,3,POSITIVE,0
34569.9,WALLET,INSUFFICIENT_FUNDS,3,POSITIVE,1
14915.44,MASTERCARD,FUNDS_UNAVAILABLE,1,POSITIVE,1
20482.09,WALLET,FUNDS_UNAVAILABLE,0,NEUTRAL,0
29598.95,UPI,TIMEOUT,4,POSITIVE,0
49527.78,VISA,TIMEOUT,1,POSITIVE,1
37625.91,MASTERCARD,INSUFFICIENT_FUNDS,1,NEGATIVE,1
2448.85,WALLET,NETWORK_ERROR,0,POSITIVE,1
21015.75,WALLET,DO_NOT_HONOR,0,NEGATIVE,1
12327.23,AMEX,EXPIRED_CARD,3,NEGATIVE,0
30264.4,VISA,DO_NOT_HONOR,0,POSITIVE,1
32471.95,UPI,INSUFFICIENT_FUNDS,3,POSITIVE,1
17157.5,AMEX,FRAUD_REVIEW,0,NEGATIVE,0
17824.09,WALLET,INVALID_CARD,0,NEGATIVE,0
49875.54,MASTERCARD,EXPIRED_CARD,0,NEUTRAL,0
17337.61,MASTERCARD,FUNDS_UNAVAILABLE,1,POSITIVE,0
32614.3,UPI,FRAUD_REVIEW,4,POSITIVE,0
18966.85,UPI,INVALID_CARD,1,NEUTRAL,1
37056.48,WALLET,INVALID_CARD,2,POSITIVE,0
35025.12,VISA,INSUFFICIENT_FUNDS,3,NEUTRAL,0
21151.86,UPI,NETWORK_ERROR,0,NEUTRAL,1
23652.38,UPI,INSUFFICIENT_FUNDS,1,POSITIVE,0
8174.02,VISA,NETWORK_ERROR,3,NEGATIVE,1
33176.61,WALLET,DO_NOT_HONOR,1,POSITIVE,1
33823.59,UPI,FRAUD_REVIEW,4,NEGATIVE,0
1397.21,UPI,TIMEOUT,1,NEUTRAL,1
7728.2,UPI,INSUFFICIENT_FUNDS,4,NEUTRAL,0
3766.29,MASTERCARD,TIMEOUT,4,NEGATIVE,0
25728.91,UPI,EXPIRED_CARD,3,POSITIVE,1
42320.99,WALLET,INVALID_CARD,1,POSITIVE,1
46960.19,MASTERCARD,FRAUD_REVIEW,2,POSITIVE,0
26986.12,MASTERCARD,EXPIRED_CARD,0,POSITIVE,1
21980.22,WALLET,TIMEOUT,3,NEGATIVE,0
48550.76,WALLET,INVALID_CARD,0,NEUTRAL,0
10244.93,UPI,TIMEOUT,2,NEGATIVE,1
49274.5,MASTERCARD,FUNDS_UNAVAILABLE,0,POSITIVE,1
13884.59,VISA,TIMEOUT,2,POSITIVE,1
19767.38,MASTERCARD,TIMEOUT,3,POSITIVE,0
18566.25,MASTERCARD,FRAUD_REVIEW,1,NEUTRAL,0
17402.23,MASTERCARD,FRAUD_REVIEW,2,NEGATIVE,0
46531.54,UPI,FRAUD_REVIEW,3,NEUTRAL,0
25663.2,WALLET,TIMEOUT,1,POSITIVE,1
40148.04,AMEX,NETWORK_ERROR,0,POSITIVE,1
31348.62,AMEX,DO_NOT_HONOR,3,NEGATIVE,0
28460.63,AMEX,TIMEOUT,4,NEUTRAL,0
7321.13,VISA,TIMEOUT,1,NEUTRAL,0
35605.9,MASTERCARD,EXPIRED_CARD,2,NEGATIVE,1
22154.31,MASTERCARD,INVALID_CARD,2,POSITIVE,1
28861.3,AMEX,TIMEOUT,2,POSITIVE,1
39413.62,AMEX,FRAUD_REVIEW,3,NEGATIVE,0
34540.75,VISA,INVALID_CARD,2,NEUTRAL,0
23289.32,MASTERCARD,NETWORK_ERROR,0,NEGATIVE,1
32840.87,UPI,DO_NOT_HONOR,1,POSITIVE,1
26579.05,VISA,INVALID_CARD,3,NEGATIVE,0
47352.34,MASTERCARD,EXPIRED_CARD,1,NEUTRAL,0
44065.38,VISA,INVALID_CARD,2,POSITIVE,0
19856.43,UPI,FRAUD_REVIEW,0,NEUTRAL,0
31580.98,MASTERCARD,TIMEOUT,1,POSITIVE,1
49424.29,MASTERCARD,DO_NOT_HONOR,0,NEGATIVE,0
14750.46,AMEX,FUNDS_UNAVAILABLE,3,NEUTRAL,0
43509.96,MASTERCARD,EXPIRED_CARD,1,NEUTRAL,0
33849.62,UPI,DO_NOT_HONOR,4,POSITIVE,0
34628.62,WALLET,TIMEOUT,3,NEGATIVE,0
4472.54,MASTERCARD,TIMEOUT,0,NEUTRAL,1
12809.09,AMEX,TIMEOUT,4,POSITIVE,1
49271.51,UPI,INVALID_CARD,4,NEGATIVE,0
5863.49,MASTERCARD,FUNDS_UNAVAILABLE,2,NEGATIVE,0
43384.85,WALLET,EXPIRED_CARD,2,POSITIVE,0
48462.34,VISA,INSUFFICIENT_FUNDS,0,NEUTRAL,1
5664.28,AMEX,DO_NOT_HONOR,4,POSITIVE,1
26291.35,WALLET,DO_NOT_HONOR,2,NEUTRAL,0
3250.31,VISA,INVALID_CARD,1,POSITIVE,1
19371.11,WALLET,NETWORK_ERROR,0,NEGATIVE,1
16642.6,WALLET,INSUFFICIENT_FUNDS,2,NEGATIVE,0
23970.13,UPI,NETWORK_ERROR,2,NEGATIVE,1
2294.73,VISA,INSUFFICIENT_FUNDS,3,NEGATIVE,0
19195.37,UPI,INSUFFICIENT_FUNDS,3,NEUTRAL,0
1997.37,WALLET,DO_NOT_HONOR,1,NEUTRAL,0
32921.49,UPI,EXPIRED_CARD,3,NEGATIVE,0
4851.76,AMEX,TIMEOUT,3,NEGATIVE,0
5818.57,WALLET,FRAUD_REVIEW,3,NEUTRAL,0
36844.99,WALLET,EXPIRED_CARD,1,POSITIVE,1
23929.22,VISA,NETWORK_ERROR,0,NEUTRAL,0
26908.22,AMEX,EXPIRED_CARD,2,NEUTRAL,0
3535.3,AMEX,TIMEOUT,2,NEUTRAL,0
27362.53,MASTERCARD,NETWORK_ERROR,1,POSITIVE,1
29744.7,WALLET,FUNDS_UNAVAILABLE,2,POSITIVE,1
33041.02,VISA,FRAUD_REVIEW,3,NEUTRAL,0
3513.48,AMEX,INVALID_CARD,3,NEUTRAL,0
30316.67,MASTERCARD,DO_NOT_HONOR,1,POSITIVE,1
25868.83,MASTERCARD,FUNDS_UNAVAILABLE,3,POSITIVE,0
19335.58,WALLET,EXPIRED_CARD,2,NEUTRAL,1
18674.57,VISA,FUNDS_UNAVAILABLE,2,POSITIVE,0
18656.71,AMEX,TIMEOUT,0,POSITIVE,1
27309.55,MASTERCARD,DO_NOT_HONOR,4,NEGATIVE,0
6428.07,VISA,FRAUD_REVIEW,1,NEGATIVE,0
42261.63,UPI,FRAUD_REVIEW,3,NEUTRAL,0
47516.3,VISA,INSUFFICIENT_FUNDS,4,NEUTRAL,1
6587.93,UPI,TIMEOUT,1,POSITIVE,1
3261.63,UPI,INSUFFICIENT_FUNDS,1,POSITIVE,1
7249.49,AMEX,FUNDS_UNAVAILABLE,1,NEUTRAL,0
24545.22,VISA,NETWORK_ERROR,3,NEGATIVE,0
49275.69,VISA,TIMEOUT,0,NEGATIVE,0
31618.66,VISA,TIMEOUT,2,NEGATIVE,0
17623.38,UPI,TIMEOUT,3,NEUTRAL,0
30441.33,UPI,EXPIRED_CARD,1,NEUTRAL,0
1000.67,WALLET,NETWORK_ERROR,1,POSITIVE,0
42013.38,MASTERCARD,TIMEOUT,2,POSITIVE,0
31282.32,MASTERCARD,FUNDS_UNAVAILABLE,0,NEGATIVE,1
13066.96,WALLET,DO_NOT_HONOR,3,POSITIVE,1
14368.79,MASTERCARD,TIMEOUT,0,POSITIVE,1
39471.82,WALLET,INSUFFICIENT_FUNDS,0,NEUTRAL,1
35164.53,VISA,INSUFFICIENT_FUNDS,3,NEGATIVE,0
7739.32,VISA,DO_NOT_HONOR,4,POSITIVE,1
17562.72,WALLET,EXPIRED_CARD,2,NEUTRAL,0
29974.09,WALLET,EXPIRED_CARD,1,NEUTRAL,1
25119.61,MASTERCARD,NETWORK_ERROR,3,POSITIVE,0
5568.29,WALLET,TIMEOUT,3,NEGATIVE,1
12757.03,MASTERCARD,TIMEOUT,3,NEUTRAL,0
12155.24,MASTERCARD,DO_NOT_HONOR,1,POSITIVE,0
47495.49,MASTERCARD,TIMEOUT,3,NEUTRAL,1
26018.69,AMEX,TIMEOUT,4,NEUTRAL,1
44470.78,MASTERCARD,FRAUD_REVIEW,1,NEUTRAL,1
40580.03,MASTERCARD,DO_NOT_HONOR,4,NEUTRAL,0
4500.76,UPI,DO_NOT_HONOR,2,POSITIVE,1
28062.02,AMEX,INVALID_CARD,1,POSITIVE,1
5904.17,MASTERCARD,DO_NOT_HONOR,1,POSITIVE,1
21156.27,MASTERCARD,TIMEOUT,4,NEGATIVE,0
44858.74,VISA,INSUFFICIENT_FUNDS,0,POSITIVE,1
29548.78,WALLET,EXPIRED_CARD,0,NEGATIVE,0
5875.11,VISA,INVALID_CARD,4,POSITIVE,1
32256.12,MASTERCARD,NETWORK_ERROR,2,POSITIVE,1
44062.9,WALLET,FUNDS_UNAVAILABLE,4,NEGATIVE,0
37031.84,VISA,INVALID_CARD,1,NEGATIVE,0
21349.94,MASTERCARD,TIMEOUT,3,POSITIVE,0
32206.32,WALLET,INSUFFICIENT_FUNDS,1,POSITIVE,1
21568.65,VISA,NETWORK_ERROR,4,NEUTRAL,0
44727.65,AMEX,FRAUD_REVIEW,0,NEUTRAL,0
11170.34,VISA,DO_NOT_HONOR,2,NEGATIVE,0
10762.13,MASTERCARD,DO_NOT_HONOR,4,NEUTRAL,0
10299.59,UPI,INVALID_CARD,1,POSITIVE,0
49374.28,AMEX,FUNDS_UNAVAILABLE,3,NEGATIVE,0
49935.17,AMEX,DO_NOT_HONOR,0,NEUTRAL,0
21471.61,VISA,FRAUD_REVIEW,3,NEUTRAL,0
6438.21,WALLET,EXPIRED_CARD,3,POSITIVE,0
26393.04,AMEX,DO_NOT_HONOR,0,NEGATIVE,0
43979.07,MASTERCARD,FRAUD_REVIEW,3,POSITIVE,0
9366.96,UPI,TIMEOUT,3,NEGATIVE,0
25840.96,WALLET,EXPIRED_CARD,3,NEGATIVE,0
47490.2,AMEX,FUNDS_UNAVAILABLE,1,NEGATIVE,0
30190.87,WALLET,DO_NOT_HONOR,3,NEUTRAL,0
12243.51,AMEX,INSUFFICIENT_FUNDS,1,NEUTRAL,1
23935.74,UPI,FUNDS_UNAVAILABLE,3,NEUTRAL,0
41830.1,UPI,INVALID_CARD,0,NEGATIVE,0
45624.32,AMEX,DO_NOT_HONOR,2,POSITIVE,0
45939.11,AMEX,INSUFFICIENT_FUNDS,3,POSITIVE,0
39079.28,AMEX,FRAUD_REVIEW,4,NEGATIVE,0
3684.56,MASTERCARD,NETWORK_ERROR,3,NEUTRAL,0
26812.28,UPI,INSUFFICIENT_FUNDS,0,NEUTRAL,1
2161.01,AMEX,DO_NOT_HONOR,0,NEGATIVE,0
13242.13,WALLET,FUNDS_UNAVAILABLE,4,NEUTRAL,0
44471.88,AMEX,FRAUD_REVIEW,0,NEGATIVE,0
1029.68,MASTERCARD,EXPIRED_CARD,0,POSITIVE,1
43883.99,AMEX,DO_NOT_HONOR,0,NEGATIVE,1
41813.54,VISA,FRAUD_REVIEW,2,POSITIVE,0
48458.15,UPI,NETWORK_ERROR,1,POSITIVE,1
42578.91,UPI,EXPIRED_CARD,0,NEGATIVE,0
19345.2,VISA,DO_NOT_HONOR,3,NEGATIVE,0
47032.92,AMEX,FUNDS_UNAVAILABLE,3,NEGATIVE,0
7116.86,WALLET,FRAUD_REVIEW,2,POSITIVE,0
39671.73,AMEX,DO_NOT_HONOR,2,NEUTRAL,0
34580.9,AMEX,INVALID_CARD,3,NEGATIVE,0
18500.43,UPI,FRAUD_REVIEW,2,POSITIVE,0
27228.96,UPI,EXPIRED_CARD,2,NEGATIVE,0
46999.27,MASTERCARD,INVALID_CARD,2,NEGATIVE,0
19164.7,UPI,TIMEOUT,2,NEGATIVE,1
37427.41,AMEX,EXPIRED_CARD,2,NEGATIVE,0
11586.32,AMEX,TIMEOUT,1,NEUTRAL,0
10948.55,UPI,INVALID_CARD,4,NEUTRAL,0
1659.07,UPI,FRAUD_REVIEW,2,NEGATIVE,0
46230.72,WALLET,INVALID_CARD,1,POSITIVE,0
32592.13,WALLET,EXPIRED_CARD,2,NEUTRAL,0
48774.76,UPI,NETWORK_ERROR,4,POSITIVE,1
38205.32,AMEX,NETWORK_ERROR,0,NEUTRAL,0
1787.68,MASTERCARD,INVALID_CARD,3,NEUTRAL,0
41172.04,VISA,FRAUD_REVIEW,1,NEUTRAL,0
49293.42,WALLET,EXPIRED_CARD,4,POSITIVE,0
22452.46,UPI,FUNDS_UNAVAILABLE,4,NEUTRAL,0
39465.76,AMEX,DO_NOT_HONOR,1,NEGATIVE,0
3359.09,MASTERCARD,NETWORK_ERROR,4,NEUTRAL,1
2114.89,MASTERCARD,DO_NOT_HONOR,2,NEUTRAL,1
9412.57,WALLET,INSUFFICIENT_FUNDS,2,POSITIVE,1
44258.97,MASTERCARD,FRAUD_REVIEW,4,NEUTRAL,0
34395.9,MASTERCARD,EXPIRED_CARD,3,NEGATIVE,0
37969.94,MASTERCARD,INSUFFICIENT_FUNDS,0,POSITIVE,1
32909.65,WALLET,DO_NOT_HONOR,2,POSITIVE,1
9395.6,UPI,INVALID_CARD,1,NEGATIVE,0
33847.07,MASTERCARD,NETWORK_ERROR,0,NEGATIVE,1
18301.17,MASTERCARD,EXPIRED_CARD,4,NEGATIVE,0
17558.37,AMEX,INSUFFICIENT_FUNDS,2,NEGATIVE,0
48844.6,WALLET,INSUFFICIENT_FUNDS,4,POSITIVE,1
4103.95,AMEX,NETWORK_ERROR,2,NEUTRAL,0
11151.99,UPI,DO_NOT_HONOR,3,POSITIVE,1
27282.05,VISA,TIMEOUT,3,POSITIVE,1
12658.95,VISA,FUNDS_UNAVAILABLE,0,NEGATIVE,1
23886.26,UPI,FUNDS_UNAVAILABLE,3,NEUTRAL,0
8855.23,UPI,DO_NOT_HONOR,4,NEUTRAL,0
25655.97,UPI,TIMEOUT,1,POSITIVE,1
46658.88,UPI,EXPIRED_CARD,0,NEGATIVE,0
12176.85,MASTERCARD,NETWORK_ERROR,0,NEUTRAL,0
47063.04,AMEX,NETWORK_ERROR,0,NEGATIVE,1
30854.15,WALLET,FUNDS_UNAVAILABLE,1,NEGATIVE,0
21054.9,MASTERCARD,INSUFFICIENT_FUNDS,1,POSITIVE,1
11611.76,WALLET,DO_NOT_HONOR,2,NEGATIVE,1
46800.85,AMEX,FUNDS_UNAVAILABLE,0,POSITIVE,1
40832.33,UPI,INVALID_CARD,2,POSITIVE,0
7408.69,MASTERCARD,EXPIRED_CARD,0,POSITIVE,1
23674.76,AMEX,FRAUD_REVIEW,3,NEUTRAL,0
30559.77,VISA,NETWORK_ERROR,2,NEGATIVE,1
14404.83,AMEX,EXPIRED_CARD,0,NEGATIVE,0
10315.54,AMEX,EXPIRED_CARD,3,NEGATIVE,0
45784.51,VISA,DO_NOT_HONOR,1,NEGATIVE,0
24293.69,VISA,INSUFFICIENT_FUNDS,2,POSITIVE,1
34229.33,VISA,FRAUD_REVIEW,4,POSITIVE,0
39156.51,AMEX,INSUFFICIENT_FUNDS,3,POSITIVE,0
25559.83,UPI,FUNDS_UNAVAILABLE,4,POSITIVE,0
36611.48,UPI,EXPIRED_CARD,4,POSITIVE,1
29766.46,MASTERCARD,TIMEOUT,4,POSITIVE,0
22244.15,UPI,TIMEOUT,3,POSITIVE,0
18077.45,WALLET,FRAUD_REVIEW,3,POSITIVE,0
14742.47,WALLET,INSUFFICIENT_FUNDS,2,POSITIVE,1
13853.37,VISA,DO_NOT_HONOR,1,POSITIVE,1
32380.86,WALLET,EXPIRED_CARD,4,NEUTRAL,0
1903.91,MASTERCARD,INVALID_CARD,2,POSITIVE,1
15947.18,UPI,FRAUD_REVIEW,3,POSITIVE,0
38999.75,AMEX,DO_NOT_HONOR,4,NEGATIVE,0
13802.5,UPI,NETWORK_ERROR,2,NEGATIVE,1
35606.97,MASTERCARD,EXPIRED_CARD,3,NEGATIVE,0
2423.74,MASTERCARD,FUNDS_UNAVAILABLE,3,POSITIVE,1
43593.11,AMEX,INSUFFICIENT_FUNDS,1,POSITIVE,1
3193.3,WALLET,INVALID_CARD,1,POSITIVE,1
11904.07,WALLET,FUNDS_UNAVAILABLE,2,POSITIVE,1
38593.22,MASTERCARD,INSUFFICIENT_FUNDS,3,NEGATIVE,0
39030.81,UPI,EXPIRED_CARD,3,POSITIVE,0
28353.95,VISA,FRAUD_REVIEW,1,NEGATIVE,0
828.99,WALLET,INVALID_CARD,3,NEUTRAL,0
2499.41,VISA,NETWORK_ERROR,1,POSITIVE,1
35920.11,VISA,FRAUD_REVIEW,0,NEUTRAL,1
12223.92,WALLET,NETWORK_ERROR,0,NEGATIVE,0
41929.9,AMEX,INSUFFICIENT_FUNDS,1,POSITIVE,1
26548.5,VISA,INSUFFICIENT_FUNDS,4,POSITIVE,0
39967.67,AMEX,NETWORK_ERROR,2,NEUTRAL,1
23736.03,WALLET,TIMEOUT,2,NEUTRAL,1
5921.21,MASTERCARD,FRAUD_REVIEW,3,NEUTRAL,0
22071.7,VISA,TIMEOUT,1,NEUTRAL,1
17847.9,VISA,FUNDS_UNAVAILABLE,3,NEUTRAL,0
22142.84,MASTERCARD,DO_NOT_HONOR,2,NEUTRAL,1
23046.57,MASTERCARD,FRAUD_REVIEW,2,POSITIVE,1
7161.53,AMEX,TIMEOUT,0,NEUTRAL,1
19670.92,UPI,FUNDS_UNAVAILABLE,3,NEUTRAL,1
11076.93,AMEX,INSUFFICIENT_FUNDS,0,NEUTRAL,1
5018.76,AMEX,FUNDS_UNAVAILABLE,0,NEUTRAL,1
25665.66,VISA,TIMEOUT,4,NEGATIVE,0
44381.32,UPI,INVALID_CARD,3,POSITIVE,0
19537.25,UPI,TIMEOUT,4,NEGATIVE,0
46363.24,MASTERCARD,TIMEOUT,4,NEGATIVE,0
11720.06,VISA,INVALID_CARD,4,POSITIVE,0
30246.9,MASTERCARD,TIMEOUT,1,NEGATIVE,0
38322.29,WALLET,FUNDS_UNAVAILABLE,1,NEGATIVE,0
29774.18,MASTERCARD,FRAUD_REVIEW,0,NEUTRAL,0
11308.1,VISA,DO_NOT_HONOR,2,POSITIVE,1
46844.74,MASTERCARD,INSUFFICIENT_FUNDS,0,NEGATIVE,0
6588.47,MASTERCARD,INVALID_CARD,3,POSITIVE,0
1217.03,WALLET,INSUFFICIENT_FUNDS,3,NEGATIVE,0
49447.29,UPI,DO_NOT_HONOR,3,NEUTRAL,0
26385.85,WALLET,INVALID_CARD,4,NEUTRAL,0
29165.44,UPI,DO_NOT_HONOR,2,POSITIVE,0
6914.13,UPI,INSUFFICIENT_FUNDS,0,NEUTRAL,1
20579.1,AMEX,TIMEOUT,2,NEGATIVE,0
27734.02,WALLET,INSUFFICIENT_FUNDS,0,NEUTRAL,1
10720.71,AMEX,TIMEOUT,1,POSITIVE,0
10165.79,VISA,FUNDS_UNAVAILABLE,4,NEUTRAL,0
18452.86,AMEX,FRAUD_REVIEW,1,NEGATIVE,0
20838.0,UPI,INVALID_CARD,4,NEUTRAL,0
45710.03,WALLET,INSUFFICIENT_FUNDS,0,NEGATIVE,0
10720.71,WALLET,DO_NOT_HONOR,3,NEGATIVE,0
8501.15,VISA,INSUFFICIENT_FUNDS,1,NEGATIVE,0
25079.64,UPI,FRAUD_REVIEW,2,POSITIVE,0
34841.25,VISA,TIMEOUT,1,NEGATIVE,1
46061.98,MASTERCARD,INSUFFICIENT_FUNDS,3,NEGATIVE,0
16605.26,WALLET,DO_NOT_HONOR,0,NEUTRAL,1
41772.73,MASTERCARD,FRAUD_REVIEW,1,NEGATIVE,0
14933.51,WALLET,NETWORK_ERROR,4,POSITIVE,1
21170.68,MASTERCARD,INSUFFICIENT_FUNDS,1,NEUTRAL,0
49959.69,MASTERCARD,FUNDS_UNAVAILABLE,1,NEUTRAL,0
44620.41,VISA,FRAUD_REVIEW,2,POSITIVE,0
35088.08,MASTERCARD,NETWORK_ERROR,4,POSITIVE,0
42183.53,AMEX,FRAUD_REVIEW,3,POSITIVE,0
5493.43,MASTERCARD,EXPIRED_CARD,3,POSITIVE,1
27191.6,MASTERCARD,INVALID_CARD,2,NEUTRAL,1
10553.88,WALLET,INVALID_CARD,2,POSITIVE,1
19602.67,VISA,EXPIRED_CARD,0,NEUTRAL,0
26161.56,AMEX,DO_NOT_HONOR,4,NEUTRAL,0
15431.52,WALLET,FRAUD_REVIEW,1,NEGATIVE,0
36523.11,WALLET,FUNDS_UNAVAILABLE,0,NEUTRAL,1
38864.71,MASTERCARD,NETWORK_ERROR,0,NEUTRAL,1
3405.72,MASTERCARD,EXPIRED_CARD,4,NEUTRAL,0
21553.86,VISA,FRAUD_REVIEW,1,POSITIVE,0
11472.87,AMEX,DO_NOT_HONOR,1,NEUTRAL,1
8748.21,MASTERCARD,INVALID_CARD,0,NEGATIVE,0
44002.04,MASTERCARD,DO_NOT_HONOR,3,NEGATIVE,0
9404.41,MASTERCARD,TIMEOUT,2,NEUTRAL,0
4888.4,WALLET,INSUFFICIENT_FUNDS,2,NEUTRAL,1
14967.24,WALLET,INVALID_CARD,1,NEGATIVE,0
1734.7,AMEX,EXPIRED_CARD,2,POSITIVE,0
15520.99,UPI,NETWORK_ERROR,0,POSITIVE,1
25834.74,VISA,NETWORK_ERROR,3,NEUTRAL,1
40174.79,AMEX,INSUFFICIENT_FUNDS,2,NEUTRAL,1
31125.66,WALLET,INSUFFICIENT_FUNDS,1,NEUTRAL,1
15690.09,MASTERCARD,INVALID_CARD,2,POSITIVE,0
31254.74,WALLET,FUNDS_UNAVAILABLE,3,POSITIVE,0
41126.09,VISA,DO_NOT_HONOR,1,NEUTRAL,1
30901.84,MASTERCARD,FUNDS_UNAVAILABLE,0,NEGATIVE,0
12244.72,UPI,TIMEOUT,3,NEGATIVE,0
49949.1,WALLET,FUNDS_UNAVAILABLE,1,NEGATIVE,1
11739.3,UPI,INSUFFICIENT_FUNDS,4,NEUTRAL,1
3458.16,WALLET,EXPIRED_CARD,4,NEGATIVE,1
31131.35,MASTERCARD,INVALID_CARD,1,NEUTRAL,0
42961.36,AMEX,DO_NOT_HONOR,3,NEUTRAL,0
25716.89,MASTERCARD,INVALID_CARD,3,POSITIVE,0
15135.42,WALLET,EXPIRED_CARD,1,NEUTRAL,1
18672.17,WALLET,TIMEOUT,3,NEGATIVE,0
2056.67,UPI,NETWORK_ERROR,2,POSITIVE,1
36427.43,MASTERCARD,TIMEOUT,4,POSITIVE,0
17307.57,UPI,INVALID_CARD,1,NEUTRAL,0
1281.1,AMEX,FUNDS_UNAVAILABLE,4,NEGATIVE,0
26248.48,WALLET,NETWORK_ERROR,4,NEUTRAL,0
46073.93,VISA,EXPIRED_CARD,4,NEUTRAL,0
30331.45,UPI,INVALID_CARD,2,POSITIVE,1
4987.08,UPI,TIMEOUT,2,POSITIVE,1
6405.12,WALLET,EXPIRED_CARD,0,POSITIVE,0
39948.85,AMEX,INVALID_CARD,1,NEGATIVE,0
22875.4,AMEX,INVALID_CARD,4,NEGATIVE,0
18989.11,UPI,TIMEOUT,3,NEGATIVE,0
29053.66,UPI,DO_NOT_HONOR,3,NEGATIVE,1
35073.95,VISA,TIMEOUT,4,POSITIVE,1
13190.94,UPI,INSUFFICIENT_FUNDS,0,POSITIVE,0
10901.66,WALLET,INVALID_CARD,3,POSITIVE,0
24125.64,AMEX,TIMEOUT,3,NEGATIVE,0
32700.44,VISA,TIMEOUT,0,NEGATIVE,1
24671.46,AMEX,INVALID_CARD,4,NEGATIVE,0
10379.63,MASTERCARD,NETWORK_ERROR,4,NEGATIVE,0
28859.09,AMEX,DO_NOT_HONOR,2,NEUTRAL,0
1028.61,AMEX,TIMEOUT,3,NEGATIVE,0
47429.91,UPI,NETWORK_ERROR,2,POSITIVE,1
35654.27,AMEX,FUNDS_UNAVAILABLE,4,NEUTRAL,1
41605.65,WALLET,FUNDS_UNAVAILABLE,2,NEUTRAL,1
47956.51,MASTERCARD,NETWORK_ERROR,0,NEGATIVE,0
27038.08,UPI,TIMEOUT,1,NEUTRAL,0
15182.55,VISA,TIMEOUT,1,NEGATIVE,0
28733.92,UPI,DO_NOT_HONOR,3,POSITIVE,1
17669.54,VISA,INSUFFICIENT_FUNDS,0,POSITIVE,0
7236.85,WALLET,TIMEOUT,4,NEUTRAL,1
40364.32,MASTERCARD,DO_NOT_HONOR,2,NEGATIVE,0
43010.79,MASTERCARD,FRAUD_REVIEW,3,NEUTRAL,0
37997.54,VISA,EXPIRED_CARD,3,NEUTRAL,0
2769.95,MASTERCARD,TIMEOUT,1,NEUTRAL,1
14206.69,WALLET,INVALID_CARD,3,NEGATIVE,0
19000.49,MASTERCARD,EXPIRED_CARD,0,NEGATIVE,1
48157.6,MASTERCARD,EXPIRED_CARD,2,NEUTRAL,0
4621.11,VISA,FRAUD_REVIEW,1,POSITIVE,0
15212.37,AMEX,FRAUD_REVIEW,3,NEUTRAL,0
20791.13,MASTERCARD,TIMEOUT,1,NEUTRAL,1
15795.45,VISA,FRAUD_REVIEW,3,NEUTRAL,0
48316.19,AMEX,INVALID_CARD,2,NEGATIVE,0
14405.93,WALLET,NETWORK_ERROR,1,NEGATIVE,1
9674.86,UPI,INVALID_CARD,0,POSITIVE,1
23393.4,WALLET,FRAUD_REVIEW,2,POSITIVE,0
7684.82,UPI,TIMEOUT,3,NEUTRAL,1
29919.29,AMEX,EXPIRED_CARD,2,POSITIVE,1
37768.18,MASTERCARD,EXPIRED_CARD,0,NEGATIVE,0
39480.56,VISA,INVALID_CARD,0,NEUTRAL,0
17982.0,WALLET,FUNDS_UNAVAILABLE,1,NEGATIVE,1
13316.9,MASTERCARD,NETWORK_ERROR,3,NEUTRAL,1
47700.79,MASTERCARD,FUNDS_UNAVAILABLE,3,NEUTRAL,0
31638.63,VISA,DO_NOT_HONOR,2,NEUTRAL,1
49977.08,VISA,INSUFFICIENT_FUNDS,0,NEGATIVE,1
15521.71,AMEX,TIMEOUT,0,POSITIVE,1
38316.09,WALLET,TIMEOUT,2,POSITIVE,1
5269.76,AMEX,EXPIRED_CARD,3,NEUTRAL,0
4009.74,AMEX,FRAUD_REVIEW,3,NEUTRAL,0
25634.19,UPI,FRAUD_REVIEW,0,NEUTRAL,0
36707.27,UPI,TIMEOUT,3,NEGATIVE,0
35466.86,VISA,NETWORK_ERROR,1,NEUTRAL,1
48901.95,WALLET,NETWORK_ERROR,0,NEGATIVE,0
3576.41,MASTERCARD,EXPIRED_CARD,1,POSITIVE,0
28797.73,MASTERCARD,FRAUD_REVIEW,3,NEUTRAL,0
15914.18,UPI,EXPIRED_CARD,4,NEGATIVE,0
45748.36,VISA,INVALID_CARD,0,NEUTRAL,1
43808.4,WALLET,TIMEOUT,3,POSITIVE,1
15514.91,MASTERCARD,EXPIRED_CARD,4,NEGATIVE,0
12815.86,WALLET,NETWORK_ERROR,1,NEUTRAL,1
43264.25,MASTERCARD,DO_NOT_HONOR,1,NEUTRAL,1
14244.89,VISA,FUNDS_UNAVAILABLE,1,NEGATIVE,0
11437.88,AMEX,INSUFFICIENT_FUNDS,4,NEGATIVE,0
37788.15,UPI,TIMEOUT,2,NEUTRAL,1
4956.5,VISA,EXPIRED_CARD,2,POSITIVE,0
9557.35,MASTERCARD,NETWORK_ERROR,4,NEUTRAL,1
45054.96,UPI,NETWORK_ERROR,4,POSITIVE,1
47553.14,WALLET,NETWORK_ERROR,1,NEGATIVE,1
27608.79,AMEX,NETWORK_ERROR,4,NEGATIVE,1
28951.35,AMEX,INSUFFICIENT_FUNDS,1,NEGATIVE,0
16648.55,WALLET,INSUFFICIENT_FUNDS,3,NEUTRAL,0
31117.52,MASTERCARD,EXPIRED_CARD,0,NEGATIVE,0
26718.18,WALLET,INSUFFICIENT_FUNDS,4,NEGATIVE,0
36670.51,MASTERCARD,INSUFFICIENT_FUNDS,2,NEUTRAL,1
6531.34,WALLET,FUNDS_UNAVAILABLE,2,POSITIVE,1
30491.66,AMEX,FRAUD_REVIEW,1,POSITIVE,0
36828.18,VISA,FUNDS_UNAVAILABLE,0,NEGATIVE,1
23714.66,MASTERCARD,INVALID_CARD,0,POSITIVE,1
20198.55,MASTERCARD,EXPIRED_CARD,0,NEUTRAL,0
17946.65,MASTERCARD,DO_NOT_HONOR,0,NEUTRAL,1
9652.5,AMEX,INVALID_CARD,0,NEUTRAL,0
4579.95,VISA,DO_NOT_HONOR,4,NEGATIVE,0
30772.79,AMEX,NETWORK_ERROR,2,NEUTRAL,1
42002.63,UPI,EXPIRED_CARD,2,NEUTRAL,0
15318.08,WALLET,FUNDS_UNAVAILABLE,4,NEGATIVE,0
20449.16,WALLET,INVALID_CARD,2,POSITIVE,1
15477.94,VISA,INSUFFICIENT_FUNDS,0,NEUTRAL,0
45902.36,UPI,TIMEOUT,4,POSITIVE,1
44779.54,WALLET,FUNDS_UNAVAILABLE,1,NEGATIVE,1
40043.08,VISA,TIMEOUT,4,POSITIVE,1
25272.2,MASTERCARD,FUNDS_UNAVAILABLE,0,NEGATIVE,0
17920.81,UPI,FUNDS_UNAVAILABLE,3,NEGATIVE,0
19196.64,MASTERCARD,DO_NOT_HONOR,4,POSITIVE,0
24929.15,VISA,DO_NOT_HONOR,0,NEUTRAL,1
7129.78,AMEX,FRAUD_REVIEW,1,POSITIVE,0
22902.08,MASTERCARD,FUNDS_UNAVAILABLE,1,POSITIVE,1
32340.34,UPI,INVALID_CARD,4,NEUTRAL,0
36803.8,AMEX,EXPIRED_CARD,4,NEUTRAL,0
7408.45,AMEX,INSUFFICIENT_FUNDS,2,NEUTRAL,1
35917.48,VISA,NETWORK_ERROR,4,NEGATIVE,1
46501.43,WALLET,TIMEOUT,0,NEUTRAL,1
27710.42,MASTERCARD,FUNDS_UNAVAILABLE,2,POSITIVE,1
18058.89,AMEX,FRAUD_REVIEW,2,NEUTRAL,0
20077.14,WALLET,NETWORK_ERROR,0,NEGATIVE,0
13007.35,VISA,NETWORK_ERROR,3,NEUTRAL,0
13127.35,VISA,INSUFFICIENT_FUNDS,3,NEUTRAL,0
17850.07,MASTERCARD,EXPIRED_CARD,4,NEGATIVE,0
25531.22,WALLET,FRAUD_REVIEW,3,NEUTRAL,0
49130.3,WALLET,EXPIRED_CARD,0,POSITIVE,1
47957.28,UPI,FUNDS_UNAVAILABLE,1,NEGATIVE,1
4591.57,VISA,EXPIRED_CARD,4,NEUTRAL,1
14116.22,WALLET,INVALID_CARD,3,POSITIVE,0
30846.85,MASTERCARD,DO_NOT_HONOR,1,NEUTRAL,1
36107.34,AMEX,NETWORK_ERROR,1,NEGATIVE,1
35969.25,AMEX,INVALID_CARD,0,NEGATIVE,0
6277.36,UPI,DO_NOT_HONOR,2,POSITIVE,1
6581.66,MASTERCARD,NETWORK_ERROR,0,NEGATIVE,1
10909.63,VISA,NETWORK_ERROR,1,POSITIVE,1
19813.39,VISA,INVALID_CARD,4,NEGATIVE,0
31414.12,UPI,NETWORK_ERROR,3,NEGATIVE,0
29731.46,MASTERCARD,NETWORK_ERROR,4,NEGATIVE,0
44318.12,WALLET,FUNDS_UNAVAILABLE,4,POSITIVE,0
5717.0,MASTERCARD,FUNDS_UNAVAILABLE,1,NEUTRAL,1
21952.12,WALLET,NETWORK_ERROR,3,NEGATIVE,0
34139.12,UPI,FRAUD_REVIEW,3,NEGATIVE,0
1119.91,UPI,INVALID_CARD,2,NEGATIVE,0
48683.59,AMEX,NETWORK_ERROR,4,NEUTRAL,0
4151.6,AMEX,EXPIRED_CARD,0,NEUTRAL,1
17361.72,AMEX,FUNDS_UNAVAILABLE,4,NEGATIVE,0
13871.99,UPI,INVALID_CARD,0,NEGATIVE,1
31878.45,WALLET,TIMEOUT,1,NEUTRAL,1
38078.52,VISA,FRAUD_REVIEW,3,NEUTRAL,0
13557.4,UPI,NETWORK_ERROR,2,POSITIVE,0
38976.76,UPI,INVALID_CARD,0,NEGATIVE,0
26563.54,UPI,EXPIRED_CARD,0,POSITIVE,1
10485.94,WALLET,FUNDS_UNAVAILABLE,0,POSITIVE,1
9745.23,VISA,INSUFFICIENT_FUNDS,2,NEGATIVE,0
32037.21,MASTERCARD,INVALID_CARD,1,POSITIVE,0
38014.36,MASTERCARD,INVALID_CARD,4,POSITIVE,0
20628.45,VISA,INVALID_CARD,3,NEGATIVE,0
47754.9,WALLET,DO_NOT_HONOR,2,POSITIVE,0
9987.45,AMEX,DO_NOT_HONOR,0,NEUTRAL,0
22043.95,MASTERCARD,NETWORK_ERROR,4,NEUTRAL,0
37394.17,VISA,NETWORK_ERROR,2,NEUTRAL,1
44061.41,AMEX,EXPIRED_CARD,4,POSITIVE,0
2236.96,UPI,FRAUD_REVIEW,2,NEGATIVE,0
20264.45,MASTERCARD,FRAUD_REVIEW,1,POSITIVE,0
37519.46,UPI,INVALID_CARD,4,NEGATIVE,0
30045.18,MASTERCARD,NETWORK_ERROR,3,NEUTRAL,0
46289.24,MASTERCARD,NETWORK_ERROR,0,POSITIVE,0
43998.05,AMEX,NETWORK_ERROR,1,NEGATIVE,1
1176.59,UPI,FRAUD_REVIEW,2,NEUTRAL,0
4649.17,MASTERCARD,TIMEOUT,1,NEUTRAL,1
47131.17,AMEX,TIMEOUT,3,NEGATIVE,0
14570.85,UPI,DO_NOT_HONOR,3,NEGATIVE,0
41643.34,UPI,NETWORK_ERROR,0,NEGATIVE,0
28216.31,WALLET,INSUFFICIENT_FUNDS,4,NEGATIVE,0
24267.07,AMEX,INSUFFICIENT_FUNDS,1,NEGATIVE,0
14011.37,VISA,INVALID_CARD,4,POSITIVE,0
33674.78,UPI,INVALID_CARD,4,NEGATIVE,0
38014.91,MASTERCARD,NETWORK_ERROR,4,NEUTRAL,0
22358.08,AMEX,TIMEOUT,2,NEGATIVE,0
24174.16,AMEX,NETWORK_ERROR,2,NEGATIVE,0
32502.38,MASTERCARD,INVALID_CARD,1,NEUTRAL,0
32930.69,VISA,NETWORK_ERROR,3,NEGATIVE,0
7215.03,VISA,INVALID_CARD,4,POSITIVE,0
47341.13,MASTERCARD,INVALID_CARD,0,NEUTRAL,1
29768.37,UPI,INSUFFICIENT_FUNDS,0,NEGATIVE,1
6328.85,AMEX,INVALID_CARD,3,NEUTRAL,0
38371.69,WALLET,INVALID_CARD,1,NEGATIVE,1
44742.67,AMEX,FRAUD_REVIEW,1,POSITIVE,0
18391.06,WALLET,NETWORK_ERROR,3,NEUTRAL,1
17261.92,UPI,INVALID_CARD,0,NEUTRAL,0
43801.7,AMEX,FRAUD_REVIEW,1,NEGATIVE,0
7752.1,MASTERCARD,NETWORK_ERROR,2,NEUTRAL,0
41732.69,WALLET,NETWORK_ERROR,3,NEGATIVE,0
41676.65,AMEX,INSUFFICIENT_FUNDS,3,NEUTRAL,1
39413.26,WALLET,INVALID_CARD,0,POSITIVE,1
12069.14,AMEX,FRAUD_REVIEW,0,NEUTRAL,1
5267.75,UPI,FRAUD_REVIEW,0,NEUTRAL,0
24736.46,WALLET,FRAUD_REVIEW,1,NEUTRAL,0
17595.11,AMEX,NETWORK_ERROR,0,NEGATIVE,0
25065.82,AMEX,NETWORK_ERROR,3,POSITIVE,1
1464.83,WALLET,TIMEOUT,0,POSITIVE,1
17527.14,VISA,DO_NOT_HONOR,0,NEUTRAL,0
47017.84,UPI,INVALID_CARD,4,POSITIVE,0
21737.31,WALLET,FUNDS_UNAVAILABLE,4,NEUTRAL,0
5073.77,MASTERCARD,INSUFFICIENT_FUNDS,2,NEGATIVE,0
11970.27,WALLET,TIMEOUT,3,NEUTRAL,0
17776.44,MASTERCARD,TIMEOUT,3,POSITIVE,1
33755.58,AMEX,TIMEOUT,0,NEUTRAL,1
6578.74,WALLET,EXPIRED_CARD,2,POSITIVE,0
11678.1,AMEX,INSUFFICIENT_FUNDS,1,NEGATIVE,1
13750.83,VISA,FRAUD_REVIEW,2,POSITIVE,0
15625.85,WALLET,EXPIRED_CARD,3,NEUTRAL,0
46159.63,AMEX,FRAUD_REVIEW,4,NEUTRAL,0
41045.15,VISA,INVALID_CARD,4,POSITIVE,0
38428.67,VISA,DO_NOT_HONOR,3,NEGATIVE,0
40268.72,UPI,NETWORK_ERROR,4,POSITIVE,1
1454.46,MASTERCARD,NETWORK_ERROR,1,NEGATIVE,1
44866.95,UPI,INVALID_CARD,0,POSITIVE,0
43226.37,WALLET,TIMEOUT,3,NEGATIVE,0
40550.34,MASTERCARD,EXPIRED_CARD,1,POSITIVE,1
32952.21,AMEX,FUNDS_UNAVAILABLE,3,POSITIVE,0
29361.93,WALLET,FUNDS_UNAVAILABLE,2,NEGATIVE,0
19836.86,AMEX,FRAUD_REVIEW,2,NEGATIVE,0
19001.61,AMEX,EXPIRED_CARD,1,NEUTRAL,0
15987.87,AMEX,INSUFFICIENT_FUNDS,0,NEGATIVE,1
38668.78,WALLET,NETWORK_ERROR,0,POSITIVE,1
22617.24,WALLET,DO_NOT_HONOR,2,POSITIVE,1
27720.32,WALLET,INSUFFICIENT_FUNDS,4,POSITIVE,0
47570.74,UPI,INVALID_CARD,0,NEGATIVE,0
14117.02,UPI,INSUFFICIENT_FUNDS,2,NEUTRAL,0
8457.46,VISA,INVALID_CARD,4,POSITIVE,1
16317.43,VISA,INSUFFICIENT_FUNDS,0,POSITIVE,1
27176.79,UPI,DO_NOT_HONOR,1,POSITIVE,1
43946.8,UPI,INVALID_CARD,3,NEUTRAL,1
28735.9,UPI,FRAUD_REVIEW,3,POSITIVE,0
12014.47,UPI,TIMEOUT,1,NEGATIVE,0
328.67,UPI,FRAUD_REVIEW,0,NEGATIVE,0
47931.36,UPI,FUNDS_UNAVAILABLE,0,NEUTRAL,1
42308.66,UPI,DO_NOT_HONOR,2,POSITIVE,1
40733.34,MASTERCARD,DO_NOT_HONOR,1,NEGATIVE,1
42278.54,AMEX,TIMEOUT,2,NEGATIVE,0
15065.83,WALLET,INSUFFICIENT_FUNDS,3,POSITIVE,1
45329.13,MASTERCARD,DO_NOT_HONOR,3,NEUTRAL,0
28542.57,WALLET,FRAUD_REVIEW,0,POSITIVE,1
16947.4,VISA,FRAUD_REVIEW,0,POSITIVE,0
36922.17,AMEX,INSUFFICIENT_FUNDS,1,NEUTRAL,0
7281.64,UPI,FRAUD_REVIEW,0,NEUTRAL,0
6069.71,AMEX,EXPIRED_CARD,0,NEGATIVE,0
45086.15,MASTERCARD,NETWORK_ERROR,1,NEUTRAL,0
7201.67,VISA,TIMEOUT,4,NEGATIVE,0
1449.18,WALLET,FRAUD_REVIEW,2,NEUTRAL,0
7249.91,WALLET,EXPIRED_CARD,1,NEUTRAL,0
37849.07,AMEX,EXPIRED_CARD,4,NEGATIVE,0
20531.03,UPI,EXPIRED_CARD,2,POSITIVE,0
17035.98,AMEX,TIMEOUT,4,POSITIVE,0
35359.72,VISA,DO_NOT_HONOR,1,NEGATIVE,1
2544.83,VISA,FUNDS_UNAVAILABLE,4,POSITIVE,1
28653.57,AMEX,FRAUD_REVIEW,4,NEGATIVE,1
11183.24,WALLET,FRAUD_REVIEW,0,NEUTRAL,0
4256.01,UPI,DO_NOT_HONOR,1,POSITIVE,1
25115.79,VISA,INVALID_CARD,0,POSITIVE,1
46656.39,UPI,DO_NOT_HONOR,2,POSITIVE,0
12817.83,MASTERCARD,NETWORK_ERROR,1,POSITIVE,1
28019.06,VISA,FRAUD_REVIEW,3,NEUTRAL,0
33428.11,VISA,DO_NOT_HONOR,3,NEUTRAL,1
16364.95,WALLET,FRAUD_REVIEW,1,POSITIVE,0
23726.47,MASTERCARD,DO_NOT_HONOR,1,POSITIVE,1
29091.18,UPI,FRAUD_REVIEW,2,NEUTRAL,0
13348.56,AMEX,INSUFFICIENT_FUNDS,0,NEUTRAL,1
44865.87,VISA,INVALID_CARD,3,NEGATIVE,0
42216.13,WALLET,INSUFFICIENT_FUNDS,2,NEUTRAL,1
17177.08,AMEX,FUNDS_UNAVAILABLE,3,POSITIVE,0
39016.63,WALLET,NETWORK_ERROR,4,NEGATIVE,0
40176.76,UPI,INSUFFICIENT_FUNDS,0,POSITIVE,1
47677.49,WALLET,FRAUD_REVIEW,3,NEUTRAL,0
18230.46,AMEX,TIMEOUT,2,NEUTRAL,1
28350.66,UPI,FUNDS_UNAVAILABLE,1,NEUTRAL,0
10662.4,WALLET,NETWORK_ERROR,2,NEGATIVE,1
10320.23,VISA,INVALID_CARD,3,NEGATIVE,0
37133.82,VISA,TIMEOUT,3,NEGATIVE,0
29953.46,UPI,INSUFFICIENT_FUNDS,1,NEGATIVE,1
20606.4,WALLET,FRAUD_REVIEW,0,NEGATIVE,0
22254.39,UPI,FRAUD_REVIEW,3,NEGATIVE,0
2235.83,MASTERCARD,TIMEOUT,1,NEUTRAL,1
23528.11,MASTERCARD,FRAUD_REVIEW,0,NEGATIVE,0
2947.67,UPI,EXPIRED_CARD,2,POSITIVE,1
29934.28,MASTERCARD,FUNDS_UNAVAILABLE,0,NEUTRAL,1
45070.11,MASTERCARD,INVALID_CARD,1,POSITIVE,1
34283.66,MASTERCARD,DO_NOT_HONOR,1,POSITIVE,1
46467.88,AMEX,INVALID_CARD,3,POSITIVE,0
40756.89,VISA,TIMEOUT,4,NEUTRAL,0
34066.54,VISA,TIMEOUT,4,NEUTRAL,0
9698.31,UPI,TIMEOUT,2,POSITIVE,1
4699.13,WALLET,NETWORK_ERROR,1,NEUTRAL,0
2618.3,UPI,INVALID_CARD,2,NEGATIVE,0
27873.19,AMEX,FRAUD_REVIEW,2,POSITIVE,1
48099.96,WALLET,DO_NOT_HONOR,2,POSITIVE,1
48161.66,MASTERCARD,DO_NOT_HONOR,2,POSITIVE,0
20627.81,AMEX,FUNDS_UNAVAILABLE,2,NEUTRAL,0
24087.63,UPI,FRAUD_REVIEW,4,NEUTRAL,1
9185.23,MASTERCARD,FUNDS_UNAVAILABLE,1,POSITIVE,1
3943.01,UPI,DO_NOT_HONOR,0,NEGATIVE,0
45197.64,WALLET,TIMEOUT,3,POSITIVE,0
38829.16,MASTERCARD,FRAUD_REVIEW,4,NEGATIVE,0
8142.08,WALLET,FRAUD_REVIEW,1,NEGATIVE,0
40111.65,AMEX,NETWORK_ERROR,3,POSITIVE,0
5832.39,WALLET,TIMEOUT,2,NEUTRAL,1
615.43,MASTERCARD,FUNDS_UNAVAILABLE,4,NEGATIVE,0
23656.17,VISA,NETWORK_ERROR,0,NEGATIVE,1
